a,operator,b,result,worker,workerLang
71,*,154,10934,Worker1,JAVA
238,-,176,62,Worker1,JAVA
41,+,8,49,Worker2,JAVA
70,+,170,240,Worker2,JAVA
161,*,164,26404,Worker1,JAVA
46,*,65,2990,Worker2,JAVA
1,*,98,98,CalculatorWorkflow,JAVA
164,-,40,124,Worker1,JAVA
114,-,132,-18,Worker2,JAVA
186,*,190,35340,Worker1,JAVA
203,+,131,334,Worker2,JAVA
139,*,236,32804,Worker1,JAVA
141,+,39,180,Worker2,JAVA
124,-,108,16,Worker1,JAVA
189,-,296,-107,Worker2,JAVA
125,*,42,5250,Worker1,JAVA
20,+,19,39,Worker2,JAVA
154,*,196,30184,Worker1,JAVA
130,*,212,27560,Worker2,JAVA
201,-,295,-94,Worker1,JAVA
23,+,162,185,Worker2,JAVA
243,+,25,268,CalculatorWorkflow,JAVA
124,+,57,181,Worker1,JAVA
5,-,98,-93,Worker2,JAVA
161,+,16,177,Worker1,JAVA
267,+,195,462,Worker2,JAVA
215,*,39,8385,Worker1,JAVA
263,-,172,91,Worker2,JAVA
86,+,104,190,Worker1,JAVA
147,-,219,-72,Worker2,JAVA
125,*,12,1500,Worker1,JAVA
89,-,221,-132,Worker2,JAVA
297,*,42,12474,Worker1,JAVA
191,*,88,16808,Worker2,JAVA
284,*,171,48564,Worker1,JAVA
44,-,68,-24,Worker2,JAVA
252,-,102,150,Worker1,JAVA
190,+,294,484,Worker2,JAVA
164,*,24,3936,Worker1,JAVA
114,*,271,30894,Worker1,JAVA
103,+,250,353,Worker2,JAVA
166,*,256,42496,Worker1,JAVA
168,-,286,-118,Worker2,JAVA
193,+,273,466,Worker1,JAVA
255,+,280,535,Worker2,JAVA
133,+,48,181,Worker1,JAVA
107,*,83,8881,Worker2,JAVA
95,*,30,2850,Worker1,JAVA
19,+,11,30,Worker2,JAVA
161,-,85,76,Worker1,JAVA
83,-,139,-56,Worker2,JAVA
289,-,93,196,Worker1,JAVA
190,-,121,69,Worker2,JAVA
107,*,46,4922,Worker1,JAVA
62,*,49,3038,Worker2,JAVA
292,*,156,45552,Worker1,JAVA
165,*,155,25575,Worker2,JAVA
293,-,110,183,Worker2,JAVA
79,+,135,214,Worker1,JAVA
17,*,66,1122,Worker1,JAVA
74,-,179,-105,Worker2,JAVA
282,+,190,472,Worker1,JAVA
80,-,159,-79,Worker2,JAVA
68,-,293,-225,CalculatorWorkflow,JAVA
199,*,211,41989,Worker1,JAVA
233,*,5,1165,Worker2,JAVA
250,+,244,494,Worker1,JAVA
46,*,168,7728,Worker2,JAVA
88,+,250,338,Worker1,JAVA
77,-,170,-93,Worker2,JAVA
253,+,201,454,Worker1,JAVA
178,*,57,10146,Worker2,JAVA
278,+,157,435,Worker1,JAVA
181,+,25,206,Worker2,JAVA
129,*,289,37281,Worker1,JAVA
123,-,127,-4,Worker2,JAVA
203,*,195,39585,Worker1,JAVA
217,-,244,-27,Worker2,JAVA
251,+,74,325,Worker2,JAVA
112,-,56,56,Worker1,JAVA
67,-,274,-207,Worker2,JAVA
117,+,183,300,Worker2,JAVA
186,-,76,110,Worker1,JAVA
190,+,39,229,Worker2,JAVA
284,-,264,20,Worker1,JAVA
182,*,296,53872,Worker2,JAVA
120,*,93,11160,Worker1,JAVA
131,-,268,-137,Worker2,JAVA
262,-,148,114,Worker1,JAVA
47,-,117,-70,Worker2,JAVA
155,+,85,240,Worker1,JAVA
246,-,67,179,Worker2,JAVA
111,-,294,-183,Worker1,JAVA
89,-,49,40,Worker2,JAVA
1,+,236,237,Worker1,JAVA
54,-,3,51,Worker1,JAVA
239,*,18,4302,Worker2,JAVA
46,-,79,-33,Worker2,JAVA
125,*,155,19375,Worker1,JAVA
213,-,21,192,Worker2,JAVA
69,+,73,142,Worker1,JAVA
113,-,37,76,Worker2,JAVA
224,*,76,17024,Worker1,JAVA
164,-,176,-12,Worker2,JAVA
183,+,118,301,Worker1,JAVA
62,+,263,325,Worker2,JAVA
204,-,97,107,Worker1,JAVA
28,+,106,134,Worker2,JAVA
216,-,2,214,Worker1,JAVA
208,-,162,46,Worker2,JAVA
184,+,108,292,Worker2,JAVA
205,*,62,12710,Worker1,JAVA
14,*,178,2492,Worker2,JAVA
123,+,110,233,Worker1,JAVA
288,*,247,71136,Worker2,JAVA
150,-,1,149,Worker1,JAVA
276,-,74,202,Worker2,JAVA
280,-,186,94,Worker1,JAVA
76,-,4,72,Worker2,JAVA
179,*,270,48330,Worker1,JAVA
268,*,299,80132,Worker1,JAVA
107,*,204,21828,Worker2,JAVA
205,-,150,55,Worker1,JAVA
223,+,13,236,Worker1,JAVA
74,*,282,20868,Worker2,JAVA
184,*,146,26864,Worker2,JAVA
243,*,276,67068,Worker1,JAVA
8,+,239,247,Worker2,JAVA
119,+,261,380,Worker1,JAVA
284,+,180,464,Worker2,JAVA
248,-,233,15,Worker1,JAVA
158,-,222,-64,Worker2,JAVA
201,*,209,42009,Worker1,JAVA
3,*,138,414,CalculatorWorkflow,JAVA
139,+,216,355,Worker2,JAVA
274,+,94,368,Worker1,JAVA
12,-,210,-198,Worker2,JAVA
223,*,184,41032,Worker1,JAVA
262,-,54,208,Worker1,JAVA
273,+,43,316,Worker2,JAVA
250,-,159,91,Worker1,JAVA
52,+,285,337,Worker2,JAVA
243,-,141,102,Worker2,JAVA
65,+,115,180,Worker1,JAVA
286,*,149,42614,Worker2,JAVA
238,+,279,517,Worker1,JAVA
90,-,144,-54,Worker2,JAVA
95,-,262,-167,Worker1,JAVA
58,+,156,214,Worker2,JAVA
228,-,56,172,Worker1,JAVA
53,-,188,-135,Worker2,JAVA
197,+,86,283,Worker1,JAVA
6,+,285,291,Worker1,JAVA
104,*,194,20176,Worker2,JAVA
202,+,180,382,Worker2,JAVA
263,+,228,491,Worker1,JAVA
256,*,276,70656,Worker2,JAVA
25,-,113,-88,Worker2,JAVA
54,*,196,10584,Worker1,JAVA
131,+,191,322,Worker1,JAVA
68,-,297,-229,Worker2,JAVA
45,*,161,7245,Worker1,JAVA
29,-,295,-266,Worker2,JAVA
111,+,104,215,Worker1,JAVA
143,-,66,77,Worker2,JAVA
171,+,26,197,Worker1,JAVA
207,+,177,384,Worker2,JAVA
108,*,292,31536,Worker1,JAVA
106,*,126,13356,Worker1,JAVA
171,*,88,15048,Worker2,JAVA
200,-,0,200,Worker2,JAVA
227,+,12,239,Worker1,JAVA
91,-,64,27,Worker1,JAVA
234,-,115,119,Worker2,JAVA
12,*,156,1872,Worker1,JAVA
299,+,275,574,Worker2,JAVA
186,*,63,11718,Worker1,JAVA
65,-,105,-40,Worker2,JAVA
265,+,175,440,Worker1,JAVA
139,*,215,29885,Worker2,JAVA
236,*,36,8496,Worker1,JAVA
92,+,261,353,Worker2,JAVA
36,*,154,5544,Worker1,JAVA
18,+,61,79,Worker2,JAVA
195,*,245,47775,Worker1,JAVA
55,-,22,33,Worker2,JAVA
276,+,76,352,Worker1,JAVA
131,*,228,29868,Worker2,JAVA
249,+,282,531,Worker1,JAVA
199,*,108,21492,Worker2,JAVA
271,*,31,8401,Worker1,JAVA
91,*,157,14287,Worker2,JAVA
132,+,282,414,Worker1,JAVA
102,+,234,336,Worker2,JAVA
267,-,78,189,Worker1,JAVA
297,+,155,452,Worker2,JAVA
293,*,163,47759,Worker1,JAVA
279,+,4,283,Worker2,JAVA
171,+,31,202,Worker1,JAVA
89,*,186,16554,Worker2,JAVA
93,-,52,41,Worker1,JAVA
187,-,275,-88,Worker2,JAVA
6,+,266,272,Worker1,JAVA
223,-,265,-42,Worker2,JAVA
148,*,166,24568,Worker1,JAVA
241,*,183,44103,Worker2,JAVA
11,-,89,-78,Worker1,JAVA
178,-,77,101,Worker2,JAVA
293,-,295,-2,Worker1,JAVA
188,-,286,-98,Worker2,JAVA
101,*,250,25250,Worker1,JAVA
83,*,65,5395,Worker2,JAVA
119,+,296,415,Worker1,JAVA
143,*,218,31174,Worker2,JAVA
141,-,287,-146,Worker2,JAVA
153,-,226,-73,Worker1,JAVA
15,*,106,1590,Worker2,JAVA
244,-,241,3,Worker1,JAVA
207,*,275,56925,Worker2,JAVA
274,-,33,241,Worker1,JAVA
16,*,10,160,Worker1,JAVA
13,-,97,-84,Worker2,JAVA
5,+,237,242,Worker2,JAVA
27,+,97,124,Worker1,JAVA
133,-,237,-104,Worker1,JAVA
135,*,113,15255,Worker2,JAVA
144,-,103,41,Worker2,JAVA
4,+,101,105,Worker1,JAVA
96,-,251,-155,Worker2,JAVA
172,-,240,-68,Worker1,JAVA
258,*,50,12900,Worker2,JAVA
84,*,31,2604,Worker1,JAVA
253,*,171,43263,Worker2,JAVA
199,+,59,258,Worker1,JAVA
14,+,106,120,Worker2,JAVA
134,+,1,135,Worker1,JAVA
127,*,250,31750,Worker2,JAVA
269,*,203,54607,Worker1,JAVA
209,*,231,48279,Worker2,JAVA
29,+,210,239,Worker1,JAVA
284,+,240,524,Worker2,JAVA
124,+,217,341,Worker1,JAVA
50,+,137,187,Worker2,JAVA
132,*,124,16368,Worker1,JAVA
18,+,53,71,CalculatorWorkflow,JAVA
98,-,154,-56,Worker2,JAVA
28,-,147,-119,Worker1,JAVA
181,-,248,-67,Worker1,JAVA
18,*,207,3726,Worker2,JAVA
189,+,42,231,Worker1,JAVA
117,*,83,9711,Worker2,JAVA
240,-,231,9,Worker1,JAVA
259,-,105,154,Worker2,JAVA
271,+,206,477,Worker2,JAVA
4,-,18,-14,Worker1,JAVA
280,-,160,120,Worker2,JAVA
138,-,109,29,Worker1,JAVA
123,*,83,10209,Worker2,JAVA
188,+,164,352,Worker1,JAVA
219,-,118,101,Worker2,JAVA
229,*,191,43739,Worker1,JAVA
31,+,212,243,Worker2,JAVA
272,+,261,533,Worker2,JAVA
5,-,229,-224,Worker1,JAVA
256,*,146,37376,Worker2,JAVA
102,+,117,219,Worker1,JAVA
35,*,151,5285,Worker2,JAVA
72,-,5,67,Worker2,JAVA
257,-,31,226,Worker1,JAVA
56,-,222,-166,Worker1,JAVA
5,*,10,50,Worker2,JAVA
184,-,13,171,Worker2,JAVA
7,-,163,-156,Worker1,JAVA
85,+,143,228,Worker1,JAVA
151,*,138,20838,Worker2,JAVA
78,+,36,114,Worker1,JAVA
171,*,99,16929,Worker2,JAVA
192,-,185,7,Worker1,JAVA
10,-,21,-11,Worker2,JAVA
88,+,273,361,Worker1,JAVA
152,+,226,378,Worker2,JAVA
187,+,143,330,Worker2,JAVA
214,-,5,209,Worker1,JAVA
40,+,238,278,Worker2,JAVA
289,-,231,58,Worker1,JAVA
177,*,170,30090,Worker2,JAVA
251,*,275,69025,Worker1,JAVA
130,-,50,80,Worker2,JAVA
286,+,59,345,Worker2,JAVA
285,-,119,166,Worker1,JAVA
177,*,138,24426,Worker2,JAVA
141,*,13,1833,Worker1,JAVA
197,*,148,29156,Worker2,JAVA
44,-,13,31,Worker1,JAVA
113,-,11,102,Worker2,JAVA
78,-,127,-49,Worker1,JAVA
76,*,72,5472,Worker2,JAVA
8,+,40,48,Worker1,JAVA
64,+,59,123,Worker1,JAVA
261,+,58,319,Worker2,JAVA
121,+,19,140,Worker1,JAVA
178,-,134,44,Worker2,JAVA
262,*,134,35108,Worker1,JAVA
233,*,77,17941,Worker2,JAVA
175,+,40,215,Worker2,JAVA
118,-,229,-111,Worker1,JAVA
171,+,121,292,Worker2,JAVA
29,-,285,-256,Worker2,JAVA
160,+,155,315,Worker1,JAVA
34,-,57,-23,Worker2,JAVA
93,*,55,5115,Worker1,JAVA
19,-,284,-265,Worker2,JAVA
215,-,178,37,Worker1,JAVA
29,-,166,-137,Worker1,JAVA
296,*,24,7104,Worker2,JAVA
144,+,15,159,Worker2,JAVA
37,+,296,333,Worker1,JAVA
60,*,185,11100,Worker2,JAVA
264,*,53,13992,Worker1,JAVA
73,-,129,-56,Worker2,JAVA
105,-,25,80,Worker1,JAVA
290,+,140,430,Worker2,JAVA
159,-,282,-123,Worker1,JAVA
230,*,1,230,Worker2,JAVA
96,-,24,72,Worker1,JAVA
162,+,44,206,Worker2,JAVA
207,+,5,212,Worker1,JAVA
260,*,39,10140,Worker2,JAVA
133,-,121,12,Worker1,JAVA
282,+,259,541,Worker2,JAVA
202,+,25,227,Worker1,JAVA
196,*,87,17052,Worker2,JAVA
205,+,133,338,Worker1,JAVA
291,-,101,190,Worker2,JAVA
267,-,203,64,Worker1,JAVA
39,-,113,-74,Worker2,JAVA
36,+,243,279,Worker1,JAVA
105,*,75,7875,Worker2,JAVA
156,*,121,18876,Worker1,JAVA
135,-,276,-141,Worker1,JAVA
211,-,46,165,Worker2,JAVA
104,*,127,13208,Worker1,JAVA
235,-,163,72,Worker2,JAVA
42,+,281,323,Worker1,JAVA
89,*,222,19758,Worker2,JAVA
206,+,289,495,Worker2,JAVA
291,*,231,67221,Worker1,JAVA
145,+,238,383,Worker2,JAVA
30,+,187,217,Worker1,JAVA
24,*,154,3696,Worker2,JAVA
236,*,23,5428,Worker1,JAVA
169,+,300,469,Worker2,JAVA
37,+,264,301,Worker1,JAVA
107,-,216,-109,Worker2,JAVA
82,-,181,-99,Worker1,JAVA
219,+,213,432,Worker2,JAVA
134,+,187,321,Worker2,JAVA
214,*,57,12198,Worker1,JAVA
282,+,150,432,Worker2,JAVA
253,-,295,-42,Worker1,JAVA
42,+,150,192,Worker2,JAVA
24,*,254,6096,Worker1,JAVA
118,*,200,23600,Worker2,JAVA
128,+,186,314,Worker2,JAVA
16,+,16,32,Worker1,JAVA
214,+,44,258,Worker2,JAVA
160,+,24,184,Worker1,JAVA
35,*,100,3500,Worker2,JAVA
252,*,50,12600,Worker1,JAVA
91,-,177,-86,Worker2,JAVA
202,+,219,421,Worker1,JAVA
150,*,119,17850,Worker1,JAVA
214,-,150,64,Worker2,JAVA
70,+,194,264,Worker1,JAVA
271,-,34,237,Worker2,JAVA
51,*,196,9996,Worker1,JAVA
110,*,22,2420,Worker2,JAVA
210,+,93,303,Worker1,JAVA
93,*,97,9021,Worker2,JAVA
45,*,18,810,Worker1,JAVA
269,-,201,68,Worker1,JAVA
143,+,29,172,Worker1,JAVA
44,*,105,4620,Worker2,JAVA
76,-,87,-11,Worker1,JAVA
269,-,295,-26,Worker2,JAVA
78,-,131,-53,Worker1,JAVA
145,+,186,331,Worker2,JAVA
232,*,59,13688,Worker1,JAVA
198,-,217,-19,Worker2,JAVA
194,*,82,15908,Worker1,JAVA
284,-,189,95,CalculatorWorkflow,JAVA
55,*,60,3300,Worker2,JAVA
40,+,160,200,Worker2,JAVA
25,*,265,6625,Worker2,JAVA
71,+,61,132,Worker1,JAVA
266,*,199,52934,Worker2,JAVA
274,-,53,221,Worker2,JAVA
3,+,280,283,Worker1,JAVA
244,+,72,316,Worker2,JAVA
95,-,245,-150,Worker2,JAVA
254,-,200,54,Worker1,JAVA
37,+,69,106,Worker1,JAVA
169,*,86,14534,Worker2,JAVA
9,*,112,1008,Worker1,JAVA
134,*,263,35242,Worker2,JAVA
273,+,271,544,Worker1,JAVA
193,+,95,288,Worker2,JAVA
92,*,142,13064,Worker1,JAVA
43,+,247,290,Worker2,JAVA
253,+,153,406,Worker1,JAVA
114,+,151,265,Worker1,JAVA
246,+,15,261,Worker2,JAVA
231,*,242,55902,Worker2,JAVA
185,-,144,41,Worker1,JAVA
151,*,180,27180,Worker2,JAVA
297,-,266,31,Worker1,JAVA
255,+,285,540,Worker2,JAVA
266,+,81,347,Worker1,JAVA
24,+,135,159,Worker2,JAVA
159,-,5,154,Worker1,JAVA
299,+,260,559,Worker2,JAVA
120,-,272,-152,Worker1,JAVA
54,+,104,158,Worker1,JAVA
297,-,232,65,Worker1,JAVA
286,*,253,72358,Worker1,JAVA
277,*,145,40165,Worker2,JAVA
187,+,11,198,Worker1,JAVA
171,+,82,253,Worker1,JAVA
82,*,166,13612,Worker1,JAVA
56,*,172,9632,Worker2,JAVA
249,+,222,471,Worker2,JAVA
71,-,149,-78,Worker1,JAVA
102,+,44,146,Worker2,JAVA
191,+,25,216,Worker2,JAVA
65,*,82,5330,Worker1,JAVA
217,+,183,400,Worker2,JAVA
68,+,257,325,Worker1,JAVA
158,-,25,133,Worker2,JAVA
216,-,199,17,Worker1,JAVA
126,*,38,4788,Worker2,JAVA
143,*,97,13871,Worker1,JAVA
114,-,244,-130,Worker2,JAVA
23,-,61,-38,Worker1,JAVA
92,+,19,111,Worker2,JAVA
157,-,41,116,Worker2,JAVA
269,+,173,442,Worker1,JAVA
77,+,211,288,Worker2,JAVA
114,+,115,229,Worker1,JAVA
141,-,76,65,Worker2,JAVA
131,-,264,-133,Worker1,JAVA
17,*,209,3553,Worker2,JAVA
12,+,261,273,Worker1,JAVA
61,+,58,119,Worker1,JAVA
146,+,180,326,Worker2,JAVA
135,-,203,-68,Worker1,JAVA
1,*,80,80,Worker2,JAVA
138,+,135,273,Worker1,JAVA
271,-,275,-4,Worker2,JAVA
116,+,16,132,Worker1,JAVA
57,-,192,-135,Worker2,JAVA
237,+,84,321,Worker1,JAVA
262,+,69,331,Worker2,JAVA
232,+,99,331,Worker1,JAVA
15,-,40,-25,Worker2,JAVA
175,*,250,43750,Worker1,JAVA
238,+,127,365,Worker2,JAVA
172,+,127,299,Worker1,JAVA
36,+,0,36,Worker2,JAVA
242,-,27,215,Worker1,JAVA
217,*,11,2387,Worker2,JAVA
277,*,46,12742,Worker1,JAVA
287,*,94,26978,Worker2,JAVA
225,*,245,55125,Worker1,JAVA
193,+,30,223,Worker2,JAVA
232,-,47,185,Worker2,JAVA
191,-,206,-15,Worker1,JAVA
191,+,64,255,Worker2,JAVA
205,*,205,42025,Worker1,JAVA
261,-,239,22,Worker1,JAVA
88,*,55,4840,Worker1,JAVA
146,-,163,-17,Worker2,JAVA
9,-,213,-204,Worker1,JAVA
200,+,39,239,Worker2,JAVA
139,+,207,346,Worker1,JAVA
75,+,295,370,Worker2,JAVA
154,*,289,44506,Worker1,JAVA
173,-,300,-127,Worker2,JAVA
99,*,32,3168,Worker1,JAVA
109,*,194,21146,Worker2,JAVA
220,-,266,-46,Worker1,JAVA
55,*,3,165,Worker1,JAVA
114,*,290,33060,Worker2,JAVA
265,*,90,23850,Worker1,JAVA
188,*,210,39480,Worker2,JAVA
126,-,217,-91,Worker1,JAVA
102,*,83,8466,Worker1,JAVA
178,-,254,-76,Worker2,JAVA
236,+,70,306,Worker1,JAVA
289,-,208,81,Worker2,JAVA
115,*,202,23230,Worker1,JAVA
165,*,219,36135,Worker2,JAVA
144,-,204,-60,Worker1,JAVA
217,*,269,58373,Worker2,JAVA
247,+,192,439,Worker1,JAVA
16,*,190,3040,Worker1,JAVA
86,+,50,136,Worker2,JAVA
21,-,221,-200,Worker1,JAVA
0,-,182,-182,Worker2,JAVA
33,+,22,55,Worker1,JAVA
46,*,229,10534,Worker2,JAVA
21,+,51,72,Worker2,JAVA
114,-,114,0,Worker1,JAVA
173,*,159,27507,Worker2,JAVA
53,-,170,-117,Worker1,JAVA
63,*,258,16254,Worker2,JAVA
194,+,286,480,Worker1,JAVA
234,-,51,183,Worker1,JAVA
29,*,94,2726,Worker2,JAVA
116,*,182,21112,Worker2,JAVA
226,+,194,420,Worker1,JAVA
161,-,30,131,Worker2,JAVA
5,-,297,-292,Worker1,JAVA
111,*,279,30969,Worker2,JAVA
214,+,65,279,Worker1,JAVA
71,-,92,-21,Worker2,JAVA
238,*,190,45220,Worker1,JAVA
14,*,296,4144,Worker2,JAVA
294,*,73,21462,Worker2,JAVA
291,+,98,389,Worker1,JAVA
286,-,53,233,Worker2,JAVA
176,*,97,17072,Worker1,JAVA
66,+,261,327,Worker2,JAVA
107,-,115,-8,Worker1,JAVA
92,+,53,145,Worker1,JAVA
65,-,155,-90,Worker2,JAVA
202,*,248,50096,Worker1,JAVA
117,+,177,294,Worker1,JAVA
297,+,179,476,Worker2,JAVA
94,-,240,-146,Worker1,JAVA
97,-,204,-107,Worker2,JAVA
42,+,102,144,Worker1,JAVA
195,+,87,282,Worker2,JAVA
177,*,131,23187,Worker1,JAVA
274,+,220,494,Worker2,JAVA
70,-,65,5,CalculatorWorkflow,JAVA
145,*,202,29290,Worker1,JAVA
256,*,99,25344,Worker2,JAVA
63,-,141,-78,Worker1,JAVA
278,*,59,16402,Worker2,JAVA
60,+,97,157,Worker1,JAVA
240,-,108,132,Worker2,JAVA
13,-,190,-177,Worker1,JAVA
282,+,37,319,Worker2,JAVA
73,*,114,8322,Worker1,JAVA
160,*,68,10880,Worker2,JAVA
277,+,136,413,Worker1,JAVA
19,+,239,258,Worker2,JAVA
217,+,102,319,Worker1,JAVA
30,-,273,-243,Worker2,JAVA
10,+,146,156,Worker1,JAVA
144,-,289,-145,Worker2,JAVA
7,+,233,240,Worker1,JAVA
255,+,23,278,Worker1,JAVA
242,+,103,345,Worker2,JAVA
127,+,36,163,Worker1,JAVA
12,+,135,147,Worker2,JAVA
164,-,274,-110,Worker1,JAVA
142,+,67,209,Worker2,JAVA
247,*,246,60762,Worker1,JAVA
290,-,63,227,Worker2,JAVA
128,-,71,57,Worker1,JAVA
32,-,171,-139,Worker2,JAVA
298,+,39,337,Worker1,JAVA
245,-,75,170,Worker2,JAVA
185,*,239,44215,Worker1,JAVA
84,+,56,140,Worker1,JAVA
142,-,44,98,Worker2,JAVA
63,+,234,297,Worker2,JAVA
126,+,291,417,Worker2,JAVA
277,*,248,68696,Worker1,JAVA
97,-,38,59,Worker2,JAVA
289,*,46,13294,Worker2,JAVA
201,-,25,176,Worker1,JAVA
288,*,257,74016,Worker1,JAVA
268,-,189,79,Worker2,JAVA
188,-,234,-46,Worker2,JAVA
215,-,33,182,Worker1,JAVA
175,+,289,464,Worker1,JAVA
142,*,128,18176,Worker2,JAVA
244,*,216,52704,Worker1,JAVA
54,+,25,79,Worker2,JAVA
99,*,228,22572,Worker1,JAVA
197,+,282,479,Worker2,JAVA
132,-,189,-57,Worker1,JAVA
137,-,126,11,Worker2,JAVA
176,+,198,374,Worker1,JAVA
118,+,137,255,Worker2,JAVA
52,-,65,-13,Worker1,JAVA
209,+,223,432,Worker2,JAVA
95,*,156,14820,Worker1,JAVA
28,*,250,7000,Worker2,JAVA
269,*,234,62946,Worker1,JAVA
233,*,171,39843,Worker1,JAVA
90,+,161,251,Worker2,JAVA
230,-,139,91,Worker1,JAVA
19,+,92,111,Worker2,JAVA
213,*,296,63048,Worker1,JAVA
226,*,283,63958,Worker2,JAVA
72,*,198,14256,Worker1,JAVA
246,-,225,21,Worker2,JAVA
163,+,119,282,Worker1,JAVA
206,-,6,200,Worker2,JAVA
24,*,85,2040,Worker1,JAVA
105,*,208,21840,Worker1,JAVA
168,+,286,454,Worker2,JAVA
28,-,284,-256,Worker1,JAVA
103,-,228,-125,Worker2,JAVA
247,*,129,31863,Worker1,JAVA
42,-,85,-43,Worker2,JAVA
237,+,58,295,Worker1,JAVA
107,-,44,63,Worker2,JAVA
273,+,83,356,Worker1,JAVA
159,+,250,409,Worker2,JAVA
292,-,189,103,Worker1,JAVA
65,-,268,-203,Worker2,JAVA
252,*,161,40572,Worker1,JAVA
39,-,159,-120,Worker2,JAVA
277,*,258,71466,Worker1,JAVA
282,*,38,10716,Worker2,JAVA
33,+,214,247,Worker1,JAVA
217,-,299,-82,Worker2,JAVA
210,*,138,28980,Worker1,JAVA
190,+,98,288,Worker2,JAVA
204,+,258,462,Worker2,JAVA
39,-,42,-3,Worker1,JAVA
250,*,6,1500,Worker2,JAVA
151,+,60,211,Worker1,JAVA
233,+,174,407,Worker2,JAVA
297,*,271,80487,Worker1,JAVA
151,-,48,103,Worker1,JAVA
67,+,75,142,Worker2,JAVA
56,*,59,3304,Worker1,JAVA
26,-,17,9,Worker2,JAVA
109,*,105,11445,Worker1,JAVA
184,*,202,37168,Worker2,JAVA
288,*,104,29952,Worker1,JAVA
131,-,248,-117,Worker2,JAVA
201,-,23,178,Worker1,JAVA
270,-,131,139,Worker2,JAVA
156,*,254,39624,Worker1,JAVA
270,-,6,264,Worker2,JAVA
141,*,267,37647,Worker2,JAVA
300,*,38,11400,Worker1,JAVA
206,-,243,-37,Worker2,JAVA
144,*,220,31680,Worker1,JAVA
201,+,49,250,Worker2,JAVA
126,-,91,35,Worker1,JAVA
159,-,156,3,Worker2,JAVA
108,*,180,19440,Worker1,JAVA
145,-,226,-81,Worker2,JAVA
146,-,258,-112,Worker1,JAVA
199,-,290,-91,Worker2,JAVA
121,-,233,-112,Worker1,JAVA
56,*,199,11144,Worker2,JAVA
153,+,72,225,Worker1,JAVA
112,*,41,4592,Worker2,JAVA
115,+,184,299,Worker1,JAVA
88,-,252,-164,Worker2,JAVA
202,-,24,178,Worker1,JAVA
199,*,140,27860,Worker2,JAVA
106,-,79,27,Worker1,JAVA
100,*,296,29600,Worker2,JAVA
22,*,197,4334,Worker1,JAVA
113,+,87,200,Worker2,JAVA
86,*,146,12556,Worker1,JAVA
132,*,146,19272,Worker2,JAVA
189,+,287,476,Worker1,JAVA
296,-,226,70,Worker2,JAVA
195,-,211,-16,Worker1,JAVA
146,-,206,-60,Worker2,JAVA
223,+,154,377,Worker1,JAVA
268,*,83,22244,Worker2,JAVA
238,-,1,237,Worker1,JAVA
170,+,187,357,Worker1,JAVA
255,-,233,22,Worker2,JAVA
96,*,17,1632,Worker1,JAVA
121,*,248,30008,Worker2,JAVA
21,-,19,2,Worker1,JAVA
183,*,235,43005,Worker2,JAVA
142,-,91,51,Worker1,JAVA
120,+,256,376,Worker2,JAVA
34,-,0,34,Worker2,JAVA
55,-,215,-160,Worker1,JAVA
2,*,158,316,Worker1,JAVA
22,-,211,-189,Worker2,JAVA
123,-,167,-44,Worker1,JAVA
194,+,288,482,Worker1,JAVA
274,-,159,115,Worker2,JAVA
225,*,11,2475,Worker1,JAVA
104,+,298,402,Worker2,JAVA
261,*,85,22185,Worker1,JAVA
96,-,207,-111,Worker2,JAVA
178,*,235,41830,Worker1,JAVA
3,+,230,233,Worker2,JAVA
248,-,93,155,Worker1,JAVA
249,*,156,38844,Worker2,JAVA
92,+,145,237,Worker1,JAVA
288,*,196,56448,Worker2,JAVA
218,+,106,324,Worker2,JAVA
297,+,19,316,Worker1,JAVA
147,+,13,160,Worker2,JAVA
9,*,212,1908,Worker1,JAVA
81,-,264,-183,Worker2,JAVA
282,+,240,522,Worker1,JAVA
74,*,204,15096,Worker1,JAVA
144,+,214,358,Worker2,JAVA
291,+,21,312,Worker1,JAVA
259,-,245,14,Worker2,JAVA
225,+,246,471,Worker2,JAVA
21,*,157,3297,Worker1,JAVA
203,+,198,401,Worker1,JAVA
256,-,59,197,Worker2,JAVA
293,*,261,76473,Worker2,JAVA
26,*,274,7124,Worker1,JAVA
30,-,1,29,Worker2,JAVA
105,+,230,335,Worker1,JAVA
85,+,274,359,Worker2,JAVA
133,+,300,433,Worker1,JAVA
225,*,258,58050,Worker2,JAVA
46,+,51,97,Worker1,JAVA
251,*,134,33634,Worker1,JAVA
114,+,158,272,Worker2,JAVA
169,*,148,25012,Worker2,JAVA
213,+,3,216,Worker2,JAVA
244,+,146,390,Worker2,JAVA
294,+,220,514,Worker2,JAVA
68,+,201,269,Worker1,JAVA
231,*,229,52899,Worker2,JAVA
237,+,178,415,Worker2,JAVA
234,*,119,27846,Worker1,JAVA
252,-,72,180,Worker2,JAVA
296,+,191,487,Worker1,JAVA
146,*,216,31536,Worker2,JAVA
114,*,35,3990,Worker1,JAVA
126,+,99,225,Worker1,JAVA
213,+,193,406,Worker1,JAVA
174,*,95,16530,Worker1,JAVA
293,+,201,494,Worker2,JAVA
66,*,121,7986,Worker1,JAVA
265,*,246,65190,Worker1,JAVA
224,-,276,-52,Worker2,JAVA
160,-,64,96,Worker1,JAVA
55,+,164,219,Worker2,JAVA
219,+,165,384,CalculatorWorkflow,JAVA
64,*,39,2496,Worker1,JAVA
196,-,100,96,Worker2,JAVA
264,*,67,17688,Worker2,JAVA
169,+,243,412,Worker1,JAVA
139,*,98,13622,Worker1,JAVA
63,-,80,-17,Worker2,JAVA
146,+,34,180,Worker2,JAVA
101,+,253,354,Worker1,JAVA
234,-,46,188,Worker2,JAVA
114,+,213,327,Worker1,JAVA
218,+,221,439,Worker2,JAVA
251,+,4,255,Worker1,JAVA
242,*,62,15004,Worker2,JAVA
182,+,138,320,Worker1,JAVA
243,*,187,45441,Worker2,JAVA
168,*,18,3024,Worker1,JAVA
4,+,192,196,Worker2,JAVA
16,*,168,2688,Worker1,JAVA
80,*,21,1680,Worker2,JAVA
283,*,184,52072,Worker1,JAVA
270,*,86,23220,Worker2,JAVA
96,+,280,376,Worker2,JAVA
210,*,216,45360,Worker1,JAVA
94,*,287,26978,Worker1,JAVA
76,+,140,216,Worker2,JAVA
296,+,212,508,Worker1,JAVA
63,-,90,-27,Worker1,JAVA
33,+,256,289,Worker2,JAVA
58,*,128,7424,Worker1,JAVA
115,+,184,299,Worker2,JAVA
118,+,37,155,Worker1,JAVA
130,*,28,3640,Worker2,JAVA
38,+,38,76,Worker1,JAVA
42,*,210,8820,Worker2,JAVA
168,*,81,13608,Worker1,JAVA
283,*,28,7924,Worker2,JAVA
271,-,72,199,Worker1,JAVA
217,+,258,475,Worker2,JAVA
29,+,52,81,Worker1,JAVA
267,-,244,23,Worker2,JAVA
227,*,259,58793,Worker1,JAVA
10,-,59,-49,Worker2,JAVA
238,+,107,345,Worker1,JAVA
52,+,197,249,Worker2,JAVA
278,+,270,548,Worker1,JAVA
260,*,47,12220,Worker2,JAVA
7,+,219,226,Worker2,JAVA
292,*,26,7592,Worker1,JAVA
127,-,73,54,Worker2,JAVA
277,-,67,210,Worker1,JAVA
58,-,23,35,Worker1,JAVA
208,-,162,46,Worker2,JAVA
34,+,89,123,Worker1,JAVA
66,*,273,18018,Worker2,JAVA
138,-,187,-49,Worker1,JAVA
87,-,255,-168,Worker2,JAVA
150,+,250,400,Worker1,JAVA
142,+,178,320,Worker2,JAVA
13,*,172,2236,Worker2,JAVA
53,+,276,329,Worker1,JAVA
171,-,131,40,Worker2,JAVA
273,*,88,24024,Worker1,JAVA
177,-,32,145,Worker2,JAVA
275,*,296,81400,Worker1,JAVA
62,*,104,6448,Worker2,JAVA
193,-,229,-36,Worker1,JAVA
43,-,258,-215,Worker2,JAVA
33,*,136,4488,Worker1,JAVA
100,*,58,5800,Worker2,JAVA
12,*,261,3132,Worker1,JAVA
251,+,271,522,Worker2,JAVA
279,*,48,13392,Worker1,JAVA
140,+,259,399,Worker2,JAVA
293,+,18,311,Worker1,JAVA
191,*,105,20055,Worker2,JAVA
120,*,184,22080,Worker1,JAVA
235,-,14,221,Worker2,JAVA
223,-,141,82,Worker1,JAVA
198,+,191,389,Worker2,JAVA
101,-,282,-181,Worker1,JAVA
185,+,160,345,Worker2,JAVA
263,-,16,247,Worker2,JAVA
196,+,200,396,Worker1,JAVA
287,-,43,244,Worker1,JAVA
140,*,227,31780,Worker2,JAVA
189,*,65,12285,Worker1,JAVA
74,*,243,17982,Worker2,JAVA
151,-,140,11,Worker1,JAVA
187,+,92,279,Worker2,JAVA
63,+,238,301,Worker1,JAVA
75,*,101,7575,Worker2,JAVA
220,+,85,305,Worker1,JAVA
61,*,194,11834,Worker2,JAVA
80,-,123,-43,Worker2,JAVA
260,-,271,-11,Worker1,JAVA
24,-,290,-266,Worker2,JAVA
225,*,89,20025,Worker1,JAVA
1,-,162,-161,Worker1,JAVA
64,+,25,89,Worker2,JAVA
262,*,65,17030,Worker1,JAVA
141,+,106,247,Worker2,JAVA
208,-,163,45,Worker1,JAVA
63,*,50,3150,Worker2,JAVA
291,-,68,223,Worker1,JAVA
227,-,41,186,Worker2,JAVA
27,+,262,289,Worker1,JAVA
266,-,270,-4,Worker2,JAVA
226,*,118,26668,Worker1,JAVA
274,+,146,420,Worker2,JAVA
145,+,230,375,Worker1,JAVA
46,-,54,-8,Worker1,JAVA
85,+,235,320,Worker2,JAVA
153,+,280,433,Worker1,JAVA
291,*,27,7857,Worker2,JAVA
4,-,179,-175,Worker1,JAVA
99,*,88,8712,Worker2,JAVA
4,+,90,94,Worker2,JAVA
281,*,227,63787,Worker1,JAVA
14,+,124,138,Worker1,JAVA
75,+,38,113,Worker2,JAVA
270,*,90,24300,Worker1,JAVA
162,-,176,-14,Worker2,JAVA
72,*,279,20088,Worker1,JAVA
277,*,219,60663,Worker2,JAVA
160,-,217,-57,Worker1,JAVA
153,+,68,221,Worker2,JAVA
0,+,261,261,Worker1,JAVA
219,-,51,168,Worker2,JAVA
217,*,146,31682,Worker1,JAVA
184,*,21,3864,Worker2,JAVA
206,+,220,426,Worker1,JAVA
247,*,44,10868,Worker2,JAVA
252,*,193,48636,Worker1,JAVA
180,*,167,30060,Worker2,JAVA
186,-,148,38,Worker1,JAVA
81,*,160,12960,Worker2,JAVA
80,+,230,310,Worker1,JAVA
192,*,151,28992,Worker2,JAVA
261,-,39,222,Worker1,JAVA
59,+,54,113,Worker2,JAVA
180,*,260,46800,Worker1,JAVA
168,-,244,-76,Worker2,JAVA
274,+,257,531,Worker1,JAVA
287,-,138,149,Worker1,JAVA
263,-,38,225,Worker2,JAVA
191,*,235,44885,Worker1,JAVA
52,-,200,-148,Worker2,JAVA
228,-,210,18,Worker1,JAVA
208,*,119,24752,Worker2,JAVA
113,*,193,21809,Worker2,JAVA
86,-,199,-113,Worker1,JAVA
155,+,226,381,Worker1,JAVA
285,-,41,244,Worker2,JAVA
189,-,111,78,Worker1,JAVA
228,+,138,366,Worker2,JAVA
129,+,272,401,Worker1,JAVA
170,*,148,25160,Worker2,JAVA
133,-,133,0,Worker1,JAVA
107,+,294,401,Worker2,JAVA
55,+,14,69,Worker2,JAVA
11,*,200,2200,Worker1,JAVA
282,-,260,22,Worker2,JAVA
185,*,226,41810,Worker1,JAVA
123,+,103,226,Worker2,JAVA
125,*,118,14750,Worker1,JAVA
282,*,222,62604,Worker2,JAVA
87,*,273,23751,Worker1,JAVA
179,-,8,171,Worker2,JAVA
272,+,181,453,Worker1,JAVA
148,*,170,25160,Worker2,JAVA
288,*,255,73440,Worker1,JAVA
181,-,265,-84,Worker2,JAVA
164,+,227,391,Worker1,JAVA
193,-,246,-53,Worker2,JAVA
298,-,125,173,Worker1,JAVA
142,+,259,401,Worker2,JAVA
45,-,276,-231,Worker1,JAVA
120,-,251,-131,Worker2,JAVA
101,-,107,-6,Worker1,JAVA
124,-,14,110,Worker2,JAVA
62,+,191,253,Worker1,JAVA
134,*,257,34438,Worker2,JAVA
105,*,83,8715,Worker1,JAVA
283,+,38,321,Worker2,JAVA
233,-,57,176,Worker1,JAVA
2,*,65,130,Worker2,JAVA
168,*,75,12600,Worker1,JAVA
24,*,168,4032,Worker2,JAVA
57,*,31,1767,Worker1,JAVA
127,-,56,71,Worker2,JAVA
118,*,241,28438,Worker1,JAVA
251,+,110,361,Worker1,JAVA
197,-,123,74,Worker2,JAVA
249,+,62,311,Worker1,JAVA
260,*,223,57980,Worker2,JAVA
108,+,186,294,Worker1,JAVA
63,-,134,-71,CalculatorWorkflow,JAVA
207,+,91,298,Worker2,JAVA
70,-,293,-223,Worker1,JAVA
45,*,187,8415,Worker2,JAVA
204,+,40,244,Worker1,JAVA
128,+,14,142,Worker2,JAVA
95,-,283,-188,Worker1,JAVA
283,-,108,175,Worker2,JAVA
126,-,43,83,Worker1,JAVA
14,-,270,-256,Worker2,JAVA
123,+,119,242,Worker1,JAVA
182,*,3,546,Worker2,JAVA
165,-,131,34,Worker1,JAVA
145,*,186,26970,Worker2,JAVA
16,-,94,-78,Worker1,JAVA
264,-,172,92,Worker2,JAVA
149,-,110,39,Worker1,JAVA
295,+,167,462,Worker1,JAVA
284,-,120,164,Worker2,JAVA
64,+,110,174,Worker1,JAVA
169,-,153,16,Worker2,JAVA
224,*,29,6496,Worker1,JAVA
236,-,188,48,Worker2,JAVA
73,*,269,19637,Worker1,JAVA
55,*,64,3520,Worker2,JAVA
92,+,77,169,Worker1,JAVA
216,-,29,187,Worker2,JAVA
74,+,190,264,Worker1,JAVA
264,-,68,196,Worker2,JAVA
100,-,270,-170,Worker1,JAVA
206,+,55,261,Worker2,JAVA
264,*,230,60720,Worker1,JAVA
269,-,195,74,Worker2,JAVA
297,*,278,82566,Worker1,JAVA
42,*,71,2982,Worker2,JAVA
8,-,34,-26,Worker2,JAVA
111,+,117,228,Worker1,JAVA
13,-,116,-103,Worker2,JAVA
200,+,161,361,Worker1,JAVA
174,*,273,47502,Worker2,JAVA
254,*,35,8890,Worker1,JAVA
284,+,298,582,Worker1,JAVA
166,*,196,32536,Worker2,JAVA
68,*,123,8364,Worker2,JAVA
37,+,54,91,Worker1,JAVA
152,+,145,297,Worker1,JAVA
83,-,143,-60,Worker2,JAVA
300,*,197,59100,Worker1,JAVA
202,+,119,321,Worker2,JAVA
259,-,297,-38,Worker1,JAVA
80,-,62,18,Worker2,JAVA
11,*,185,2035,Worker1,JAVA
168,*,210,35280,Worker2,JAVA
265,-,23,242,Worker1,JAVA
8,+,256,264,Worker2,JAVA
261,-,128,133,Worker1,JAVA
266,*,135,35910,Worker1,JAVA
37,+,300,337,Worker1,JAVA
129,*,177,22833,Worker1,JAVA
114,-,157,-43,Worker1,JAVA
218,-,31,187,Worker1,JAVA
178,*,248,44144,Worker2,JAVA
125,*,229,28625,Worker1,JAVA
74,*,85,6290,Worker2,JAVA
216,*,197,42552,Worker1,JAVA
69,-,128,-59,Worker2,JAVA
43,-,95,-52,Worker2,JAVA
299,+,123,422,Worker1,JAVA
85,*,208,17680,Worker2,JAVA
224,+,41,265,Worker1,JAVA
147,-,209,-62,Worker2,JAVA
158,+,134,292,Worker1,JAVA
248,*,234,58032,Worker2,JAVA
27,-,57,-30,Worker1,JAVA
105,-,41,64,Worker2,JAVA
132,+,25,157,Worker2,JAVA
223,+,295,518,Worker1,JAVA
155,*,12,1860,Worker2,JAVA
191,+,220,411,Worker1,JAVA
297,-,194,103,Worker2,JAVA
187,*,20,3740,Worker1,JAVA
252,-,268,-16,Worker2,JAVA
1,-,282,-281,Worker2,JAVA
86,-,61,25,Worker1,JAVA
186,+,228,414,Worker2,JAVA
210,+,189,399,Worker1,JAVA
266,*,15,3990,Worker2,JAVA
173,-,265,-92,Worker1,JAVA
61,*,102,6222,Worker2,JAVA
105,+,223,328,Worker1,JAVA
99,*,228,22572,Worker1,JAVA
44,*,102,4488,Worker2,JAVA
42,-,51,-9,Worker1,JAVA
217,+,201,418,Worker1,JAVA
80,-,124,-44,Worker2,JAVA
291,+,30,321,Worker1,JAVA
118,-,17,101,Worker2,JAVA
9,+,201,210,Worker1,JAVA
259,-,86,173,Worker1,JAVA
162,*,269,43578,Worker2,JAVA
235,*,190,44650,Worker1,JAVA
2,-,212,-210,Worker2,JAVA
147,+,277,424,Worker1,JAVA
235,-,39,196,Worker2,JAVA
36,*,214,7704,Worker1,JAVA
128,-,83,45,Worker2,JAVA
246,-,88,158,Worker1,JAVA
123,*,176,21648,Worker2,JAVA
75,*,178,13350,Worker2,JAVA
195,-,245,-50,Worker1,JAVA
213,+,163,376,Worker1,JAVA
190,+,82,272,Worker2,JAVA
290,*,226,65540,Worker1,JAVA
168,*,261,43848,Worker2,JAVA
167,+,175,342,Worker1,JAVA
256,*,115,29440,Worker2,JAVA
261,*,200,52200,Worker1,JAVA
177,*,197,34869,Worker1,JAVA
189,-,219,-30,Worker2,JAVA
109,+,264,373,Worker1,JAVA
18,-,238,-220,Worker2,JAVA
74,-,2,72,Worker1,JAVA
232,-,236,-4,Worker2,JAVA
231,+,53,284,Worker1,JAVA
161,*,81,13041,Worker2,JAVA
102,*,125,12750,Worker1,JAVA
267,-,77,190,Worker2,JAVA
57,-,235,-178,Worker1,JAVA
125,+,85,210,Worker2,JAVA
116,+,0,116,Worker1,JAVA
33,+,242,275,Worker2,JAVA
241,+,64,305,Worker1,JAVA
105,+,226,331,Worker2,JAVA
19,*,95,1805,Worker1,JAVA
187,-,150,37,Worker2,JAVA
19,-,169,-150,Worker1,JAVA
228,*,137,31236,Worker2,JAVA
91,-,12,79,Worker1,JAVA
50,*,65,3250,Worker2,JAVA
52,+,158,210,Worker1,JAVA
222,+,165,387,Worker2,JAVA
68,-,266,-198,Worker1,JAVA
215,*,218,46870,Worker2,JAVA
118,+,126,244,Worker1,JAVA
37,*,45,1665,Worker2,JAVA
190,*,214,40660,Worker1,JAVA
48,-,167,-119,Worker2,JAVA
142,+,272,414,Worker1,JAVA
205,+,228,433,Worker2,JAVA
162,*,140,22680,Worker1,JAVA
32,-,210,-178,Worker2,JAVA
264,+,76,340,Worker1,JAVA
148,*,148,21904,Worker2,JAVA
116,+,35,151,Worker1,JAVA
208,*,84,17472,Worker2,JAVA
275,+,125,400,Worker1,JAVA
211,*,220,46420,Worker2,JAVA
44,+,144,188,Worker1,JAVA
239,*,95,22705,Worker2,JAVA
158,+,207,365,Worker1,JAVA
186,*,82,15252,Worker2,JAVA
11,+,64,75,Worker1,JAVA
221,*,53,11713,Worker2,JAVA
183,-,294,-111,Worker1,JAVA
91,-,31,60,Worker2,JAVA
69,*,49,3381,Worker2,JAVA
122,-,263,-141,Worker1,JAVA
36,*,175,6300,Worker2,JAVA
151,+,232,383,Worker1,JAVA
135,*,20,2700,Worker2,JAVA
251,-,202,49,Worker2,JAVA
266,-,253,13,Worker1,JAVA
75,+,133,208,Worker2,JAVA
188,*,218,40984,Worker1,JAVA
148,-,144,4,Worker1,JAVA
297,*,189,56133,Worker1,JAVA
114,*,29,3306,Worker2,JAVA
236,+,147,383,Worker1,JAVA
50,+,35,85,Worker2,JAVA
229,+,25,254,Worker1,JAVA
74,-,296,-222,Worker2,JAVA
233,*,73,17009,Worker1,JAVA
242,-,106,136,Worker1,JAVA
276,*,119,32844,Worker2,JAVA
250,-,229,21,Worker2,JAVA
276,*,93,25668,Worker1,JAVA
213,+,49,262,Worker2,JAVA
65,-,176,-111,Worker1,JAVA
137,*,149,20413,Worker2,JAVA
69,+,228,297,Worker1,JAVA
50,+,199,249,Worker2,JAVA
280,+,152,432,Worker1,JAVA
283,*,144,40752,Worker1,JAVA
223,-,8,215,Worker2,JAVA
201,*,237,47637,Worker1,JAVA
71,-,36,35,Worker2,JAVA
19,*,215,4085,Worker1,JAVA
92,+,247,339,Worker2,JAVA
165,-,6,159,Worker1,JAVA
192,*,65,12480,Worker2,JAVA
92,-,268,-176,Worker1,JAVA
111,*,285,31635,Worker2,JAVA
121,+,217,338,Worker1,JAVA
186,+,180,366,Worker2,JAVA
258,*,186,47988,Worker1,JAVA
205,+,218,423,Worker2,JAVA
44,-,249,-205,Worker2,JAVA
158,-,212,-54,Worker1,JAVA
98,-,252,-154,Worker2,JAVA
136,*,94,12784,Worker1,JAVA
95,*,130,12350,Worker2,JAVA
42,+,94,136,Worker1,JAVA
5,-,5,0,Worker2,JAVA
76,-,59,17,Worker1,JAVA
252,*,183,46116,Worker2,JAVA
162,+,251,413,Worker1,JAVA
237,*,236,55932,Worker2,JAVA
188,-,49,139,Worker2,JAVA
224,*,203,45472,Worker1,JAVA
277,+,297,574,Worker2,JAVA
179,*,259,46361,Worker1,JAVA
263,-,288,-25,Worker2,JAVA
259,+,223,482,Worker1,JAVA
186,-,212,-26,Worker1,JAVA
86,+,48,134,Worker2,JAVA
33,-,292,-259,Worker1,JAVA
105,*,22,2310,Worker2,JAVA
289,+,114,403,Worker1,JAVA
108,*,8,864,Worker2,JAVA
85,-,87,-2,Worker1,JAVA
1,*,191,191,Worker2,JAVA
285,*,15,4275,Worker1,JAVA
173,-,212,-39,Worker2,JAVA
147,+,103,250,Worker1,JAVA
300,-,112,188,Worker2,JAVA
279,-,9,270,Worker1,JAVA
74,-,171,-97,Worker2,JAVA
93,-,204,-111,Worker1,JAVA
176,*,14,2464,Worker2,JAVA
252,*,17,4284,Worker1,JAVA
251,+,297,548,Worker2,JAVA
244,*,299,72956,Worker2,JAVA
269,*,174,46806,Worker2,JAVA
46,+,111,157,Worker2,JAVA
188,*,180,33840,CalculatorWorkflow,JAVA
156,-,210,-54,Worker2,JAVA
284,+,206,490,Worker1,JAVA
22,*,231,5082,Worker2,JAVA
189,-,281,-92,Worker1,JAVA
113,*,116,13108,Worker2,JAVA
298,-,117,181,Worker1,JAVA
66,-,116,-50,Worker1,JAVA
117,-,20,97,Worker2,JAVA
139,*,281,39059,Worker1,JAVA
18,-,50,-32,Worker2,JAVA
70,+,26,96,Worker1,JAVA
242,*,204,49368,Worker2,JAVA
131,-,77,54,Worker1,JAVA
169,+,51,220,Worker2,JAVA
262,+,214,476,Worker1,JAVA
230,-,133,97,Worker2,JAVA
216,-,97,119,Worker2,JAVA
176,+,162,338,Worker1,JAVA
289,+,184,473,Worker2,JAVA
226,-,35,191,Worker1,JAVA
64,-,151,-87,Worker2,JAVA
253,+,52,305,Worker1,JAVA
147,+,103,250,Worker2,JAVA
117,+,244,361,Worker1,JAVA
178,-,58,120,Worker1,JAVA
221,*,240,53040,Worker2,JAVA
287,-,143,144,Worker1,JAVA
125,-,27,98,Worker2,JAVA
119,+,11,130,Worker1,JAVA
254,-,271,-17,Worker2,JAVA
175,-,117,58,Worker1,JAVA
283,+,15,298,Worker2,JAVA
134,*,86,11524,Worker2,JAVA
3,+,258,261,Worker1,JAVA
135,-,242,-107,Worker2,JAVA
68,+,298,366,Worker1,JAVA
174,*,271,47154,Worker2,JAVA
155,-,192,-37,Worker1,JAVA
245,*,118,28910,Worker1,JAVA
95,*,1,95,Worker2,JAVA
157,*,241,37837,Worker1,JAVA
155,-,147,8,Worker1,JAVA
227,-,99,128,Worker2,JAVA
95,-,59,36,Worker1,JAVA
285,-,267,18,Worker2,JAVA
153,+,207,360,Worker1,JAVA
71,*,219,15549,Worker2,JAVA
84,-,42,42,Worker2,JAVA
187,-,178,9,Worker1,JAVA
248,+,191,439,Worker2,JAVA
124,+,220,344,Worker1,JAVA
44,-,279,-235,Worker1,JAVA
240,-,129,111,Worker2,JAVA
283,*,199,56317,Worker2,JAVA
131,*,243,31833,Worker1,JAVA
84,+,178,262,Worker1,JAVA
126,-,202,-76,Worker2,JAVA
107,*,15,1605,Worker1,JAVA
47,+,150,197,Worker2,JAVA
50,-,244,-194,Worker2,JAVA
295,*,163,48085,Worker1,JAVA
232,*,14,3248,Worker1,JAVA
237,-,131,106,Worker2,JAVA
152,+,84,236,Worker1,JAVA
164,*,184,30176,Worker1,JAVA
98,*,154,15092,Worker2,JAVA
198,-,29,169,Worker1,JAVA
211,-,284,-73,Worker1,JAVA
126,-,214,-88,Worker2,JAVA
270,*,90,24300,Worker1,JAVA
35,*,237,8295,Worker2,JAVA
10,+,152,162,Worker1,JAVA
203,*,226,45878,Worker2,JAVA
5,+,148,153,Worker1,JAVA
205,-,114,91,Worker1,JAVA
209,+,86,295,Worker2,JAVA
113,-,112,1,Worker1,JAVA
264,+,148,412,Worker2,JAVA
46,-,185,-139,Worker2,JAVA
247,+,148,395,Worker1,JAVA
289,-,218,71,Worker1,JAVA
112,*,179,20048,Worker2,JAVA
55,+,232,287,Worker2,JAVA
110,+,150,260,Worker1,JAVA
97,+,31,128,Worker2,JAVA
43,*,181,7783,Worker1,JAVA
268,-,178,90,Worker2,JAVA
175,+,195,370,Worker1,JAVA
110,*,286,31460,Worker2,JAVA
121,*,272,32912,Worker1,JAVA
196,-,264,-68,Worker2,JAVA
63,-,288,-225,Worker1,JAVA
106,+,93,199,Worker2,JAVA
185,*,170,31450,Worker1,JAVA
269,*,162,43578,Worker2,JAVA
133,+,7,140,Worker1,JAVA
144,*,188,27072,Worker2,JAVA
64,-,287,-223,Worker1,JAVA
65,+,133,198,Worker2,JAVA
123,-,37,86,Worker1,JAVA
69,-,22,47,Worker2,JAVA
249,-,159,90,Worker1,JAVA
139,+,1,140,Worker1,JAVA
175,+,233,408,Worker2,JAVA
99,+,273,372,Worker1,JAVA
35,-,294,-259,Worker2,JAVA
294,-,85,209,Worker1,JAVA
147,+,154,301,Worker2,JAVA
267,-,249,18,Worker1,JAVA
231,-,197,34,Worker2,JAVA
31,*,261,8091,Worker1,JAVA
148,+,217,365,Worker2,JAVA
39,+,124,163,Worker1,JAVA
279,*,1,279,Worker2,JAVA
29,*,239,6931,Worker1,JAVA
225,+,224,449,Worker2,JAVA
38,+,106,144,Worker1,JAVA
25,+,171,196,Worker2,JAVA
235,+,1,236,Worker1,JAVA
164,-,95,69,Worker2,JAVA
268,-,71,197,Worker1,JAVA
16,-,111,-95,Worker2,JAVA
99,+,68,167,Worker1,JAVA
293,*,11,3223,Worker2,JAVA
195,+,52,247,Worker1,JAVA
244,-,265,-21,Worker2,JAVA
115,+,122,237,Worker1,JAVA
10,+,82,92,Worker2,JAVA
155,-,63,92,Worker1,JAVA
129,-,131,-2,Worker2,JAVA
27,-,272,-245,Worker1,JAVA
172,-,116,56,Worker2,JAVA
70,-,2,68,Worker1,JAVA
236,*,28,6608,Worker2,JAVA
217,-,24,193,Worker1,JAVA
282,*,194,54708,Worker2,JAVA
3,*,111,333,Worker1,JAVA
107,+,282,389,Worker2,JAVA
165,*,116,19140,Worker1,JAVA
39,+,13,52,Worker2,JAVA
216,+,172,388,Worker1,JAVA
31,+,78,109,Worker2,JAVA
149,*,107,15943,Worker1,JAVA
237,*,173,41001,Worker2,JAVA
250,-,260,-10,Worker1,JAVA
278,*,218,60604,Worker2,JAVA
49,*,239,11711,Worker1,JAVA
106,-,2,104,Worker2,JAVA
50,*,153,7650,Worker1,JAVA
43,*,65,2795,Worker2,JAVA
97,*,40,3880,Worker1,JAVA
276,*,268,73968,Worker1,JAVA
297,-,186,111,Worker2,JAVA
59,-,201,-142,Worker1,JAVA
245,-,283,-38,Worker1,JAVA
62,+,152,214,Worker2,JAVA
262,-,277,-15,Worker1,JAVA
80,+,175,255,Worker2,JAVA
171,*,0,0,Worker1,JAVA
25,+,130,155,Worker2,JAVA
272,*,296,80512,Worker1,JAVA
72,*,92,6624,Worker2,JAVA
85,+,200,285,Worker1,JAVA
300,+,171,471,Worker2,JAVA
154,*,188,28952,Worker1,JAVA
70,*,212,14840,Worker2,JAVA
199,+,88,287,Worker1,JAVA
257,*,47,12079,Worker2,JAVA
69,*,295,20355,Worker1,JAVA
62,*,296,18352,Worker2,JAVA
292,+,11,303,Worker1,JAVA
9,*,284,2556,Worker2,JAVA
103,+,191,294,Worker1,JAVA
230,-,253,-23,Worker2,JAVA
16,+,76,92,Worker1,JAVA
172,-,10,162,Worker2,JAVA
55,+,215,270,Worker1,JAVA
210,*,290,60900,Worker2,JAVA
265,*,213,56445,Worker1,JAVA
142,+,220,362,Worker2,JAVA
8,+,261,269,Worker2,JAVA
243,+,298,541,Worker1,JAVA
251,-,79,172,Worker2,JAVA
213,+,151,364,Worker1,JAVA
155,-,161,-6,Worker2,JAVA
49,+,157,206,Worker2,JAVA
268,*,218,58424,Worker1,JAVA
47,-,134,-87,Worker2,JAVA
83,*,90,7470,Worker1,JAVA
59,-,221,-162,Worker2,JAVA
239,-,33,206,Worker1,JAVA
271,+,272,543,Worker2,JAVA
270,+,104,374,Worker1,JAVA
39,+,261,300,Worker2,JAVA
233,-,141,92,Worker1,JAVA
155,+,160,315,Worker2,JAVA
183,+,76,259,Worker2,JAVA
147,-,74,73,Worker1,JAVA
245,-,243,2,Worker2,JAVA
75,*,9,675,Worker1,JAVA
121,+,218,339,Worker1,JAVA
80,+,116,196,Worker2,JAVA
272,+,257,529,Worker1,JAVA
151,*,61,9211,Worker2,JAVA
107,*,184,19688,Worker1,JAVA
249,-,42,207,Worker2,JAVA
82,-,9,73,Worker1,JAVA
98,*,13,1274,Worker2,JAVA
183,*,28,5124,Worker1,JAVA
218,+,10,228,Worker2,JAVA
64,-,91,-27,Worker1,JAVA
143,-,49,94,Worker2,JAVA
242,*,53,12826,Worker1,JAVA
231,+,214,445,Worker1,JAVA
147,+,185,332,Worker2,JAVA
209,+,83,292,Worker1,JAVA
182,+,118,300,Worker2,JAVA
185,+,123,308,Worker1,JAVA
251,-,160,91,Worker2,JAVA
116,*,12,1392,Worker1,JAVA
130,-,280,-150,CalculatorWorkflow,JAVA
12,-,295,-283,Worker2,JAVA
297,-,121,176,Worker1,JAVA
56,-,256,-200,Worker2,JAVA
261,+,191,452,Worker1,JAVA
236,*,190,44840,Worker2,JAVA
168,*,66,11088,Worker1,JAVA
295,*,179,52805,Worker2,JAVA
107,*,269,28783,Worker1,JAVA
157,-,233,-76,Worker2,JAVA
245,+,207,452,Worker1,JAVA
133,*,279,37107,Worker2,JAVA
171,+,233,404,Worker1,JAVA
143,-,15,128,Worker1,JAVA
34,-,196,-162,Worker2,JAVA
279,*,194,54126,Worker2,JAVA
273,*,88,24024,Worker1,JAVA
179,*,138,24702,Worker2,JAVA
219,-,16,203,Worker1,JAVA
13,-,200,-187,Worker2,JAVA
254,+,87,341,Worker1,JAVA
226,*,25,5650,Worker2,JAVA
179,*,181,32399,Worker1,JAVA
74,*,212,15688,Worker2,JAVA
158,+,279,437,Worker1,JAVA
126,+,80,206,Worker2,JAVA
210,-,177,33,Worker2,JAVA
274,-,181,93,Worker1,JAVA
58,*,179,10382,Worker2,JAVA
209,*,205,42845,Worker1,JAVA
37,-,294,-257,Worker2,JAVA
187,*,107,20009,Worker1,JAVA
130,*,255,33150,Worker2,JAVA
60,*,244,14640,Worker1,JAVA
81,+,186,267,Worker1,JAVA
233,+,282,515,Worker2,JAVA
216,-,142,74,Worker1,JAVA
209,-,205,4,Worker2,JAVA
61,+,280,341,Worker1,JAVA
160,+,152,312,Worker2,JAVA
160,-,7,153,Worker1,JAVA
136,+,233,369,Worker2,JAVA
75,+,0,75,Worker1,JAVA
191,-,197,-6,Worker2,JAVA
247,-,296,-49,Worker1,JAVA
138,-,216,-78,Worker2,JAVA
113,*,59,6667,Worker1,JAVA
282,-,239,43,Worker2,JAVA
158,*,135,21330,Worker1,JAVA
279,*,32,8928,Worker2,JAVA
79,-,199,-120,Worker1,JAVA
49,-,108,-59,Worker2,JAVA
196,*,214,41944,Worker1,JAVA
182,*,201,36582,Worker2,JAVA
105,+,101,206,Worker1,JAVA
275,+,248,523,Worker2,JAVA
201,+,50,251,Worker1,JAVA
16,*,86,1376,Worker2,JAVA
188,*,12,2256,Worker1,JAVA
125,*,300,37500,Worker2,JAVA
32,-,81,-49,Worker1,JAVA
140,+,87,227,Worker2,JAVA
38,-,213,-175,Worker1,JAVA
20,+,15,35,Worker1,JAVA
141,+,196,337,Worker2,JAVA
24,-,155,-131,Worker1,JAVA
122,-,78,44,Worker2,JAVA
176,-,57,119,Worker1,JAVA
139,+,220,359,Worker2,JAVA
91,*,94,8554,Worker1,JAVA
193,*,164,31652,Worker2,JAVA
31,-,5,26,Worker1,JAVA
256,-,288,-32,Worker2,JAVA
168,*,117,19656,Worker2,JAVA
291,-,20,271,Worker2,JAVA
22,-,93,-71,Worker2,JAVA
21,*,267,5607,Worker1,JAVA
211,*,142,29962,Worker2,JAVA
83,*,137,11371,Worker1,JAVA
26,-,50,-24,Worker2,JAVA
86,+,118,204,Worker1,JAVA
160,-,156,4,Worker2,JAVA
160,*,0,0,Worker1,JAVA
58,-,131,-73,Worker2,JAVA
195,+,9,204,Worker1,JAVA
199,*,105,20895,Worker2,JAVA
89,+,220,309,Worker1,JAVA
276,*,234,64584,Worker2,JAVA
154,*,286,44044,Worker1,JAVA
79,+,22,101,Worker2,JAVA
7,-,296,-289,Worker1,JAVA
43,*,20,860,Worker2,JAVA
28,+,140,168,Worker1,JAVA
8,-,164,-156,Worker2,JAVA
236,*,52,12272,Worker1,JAVA
34,+,64,98,Worker2,JAVA
234,+,55,289,Worker1,JAVA
218,-,74,144,Worker2,JAVA
31,+,48,79,Worker1,JAVA
75,+,261,336,Worker2,JAVA
1,-,109,-108,Worker1,JAVA
187,+,281,468,Worker2,JAVA
8,+,42,50,Worker1,JAVA
249,*,118,29382,Worker2,JAVA
273,-,27,246,Worker1,JAVA
65,*,8,520,Worker1,JAVA
165,+,134,299,Worker1,JAVA
176,*,291,51216,Worker2,JAVA
297,-,142,155,Worker2,JAVA
108,*,2,216,Worker1,JAVA
90,+,230,320,Worker2,JAVA
26,+,173,199,Worker1,JAVA
57,-,65,-8,Worker1,JAVA
279,*,240,66960,Worker2,JAVA
91,-,30,61,Worker1,JAVA
151,+,85,236,Worker2,JAVA
243,*,189,45927,Worker1,JAVA
65,*,127,8255,Worker2,JAVA
124,*,157,19468,Worker2,JAVA
211,+,158,369,Worker1,JAVA
299,*,272,81328,Worker2,JAVA
9,+,69,78,Worker1,JAVA
56,-,225,-169,Worker2,JAVA
182,+,7,189,Worker1,JAVA
232,+,193,425,Worker2,JAVA
28,*,121,3388,Worker1,JAVA
135,-,211,-76,Worker1,JAVA
157,-,54,103,Worker2,JAVA
192,*,86,16512,Worker2,JAVA
300,+,12,312,Worker1,JAVA
100,+,88,188,Worker1,JAVA
35,*,165,5775,Worker2,JAVA
183,+,111,294,Worker1,JAVA
193,-,176,17,Worker2,JAVA
259,+,217,476,Worker1,JAVA
232,+,234,466,Worker2,JAVA
106,+,258,364,Worker1,JAVA
182,+,199,381,Worker2,JAVA
122,*,262,31964,Worker1,JAVA
47,-,247,-200,Worker2,JAVA
75,-,79,-4,Worker1,JAVA
207,*,189,39123,Worker2,JAVA
148,*,201,29748,Worker1,JAVA
106,+,28,134,Worker2,JAVA
258,-,249,9,Worker1,JAVA
287,*,137,39319,Worker2,JAVA
297,*,98,29106,Worker2,JAVA
35,-,93,-58,Worker1,JAVA
244,*,274,66856,Worker1,JAVA
147,*,239,35133,Worker2,JAVA
107,*,246,26322,Worker1,JAVA
259,*,117,30303,Worker2,JAVA
186,+,229,415,Worker1,JAVA
227,-,273,-46,Worker2,JAVA
2,-,51,-49,Worker1,JAVA
180,-,276,-96,Worker2,JAVA
191,+,284,475,Worker1,JAVA
291,+,139,430,Worker2,JAVA
233,*,18,4194,Worker1,JAVA
56,-,168,-112,Worker2,JAVA
3,*,186,558,Worker1,JAVA
102,*,139,14178,Worker2,JAVA
15,*,99,1485,Worker2,JAVA
270,+,141,411,Worker1,JAVA
198,*,37,7326,Worker1,JAVA
7,+,52,59,Worker2,JAVA
197,+,159,356,Worker2,JAVA
209,*,9,1881,Worker1,JAVA
41,*,218,8938,Worker2,JAVA
49,-,214,-165,Worker1,JAVA
16,*,35,560,Worker1,JAVA
262,+,236,498,Worker2,JAVA
114,*,45,5130,Worker1,JAVA
54,-,299,-245,Worker2,JAVA
12,-,239,-227,CalculatorWorkflow,JAVA
189,-,109,80,Worker1,JAVA
45,+,213,258,Worker2,JAVA
137,+,189,326,Worker1,JAVA
11,-,5,6,Worker2,JAVA
223,+,97,320,Worker1,JAVA
23,+,203,226,Worker1,JAVA
103,*,71,7313,Worker2,JAVA
197,-,240,-43,Worker2,JAVA
292,-,120,172,Worker1,JAVA
234,-,152,82,Worker1,JAVA
293,+,145,438,Worker2,JAVA
289,*,292,84388,Worker1,JAVA
181,*,289,52309,Worker2,JAVA
49,+,54,103,Worker2,JAVA
150,+,145,295,Worker1,JAVA
240,*,137,32880,Worker1,JAVA
182,*,75,13650,Worker2,JAVA
105,-,127,-22,Worker1,JAVA
283,-,89,194,Worker2,JAVA
246,*,126,30996,Worker2,JAVA
146,-,280,-134,Worker1,JAVA
137,-,198,-61,Worker2,JAVA
79,-,291,-212,Worker1,JAVA
262,*,130,34060,Worker2,JAVA
26,*,201,5226,Worker1,JAVA
299,+,261,560,Worker2,JAVA
28,*,4,112,Worker1,JAVA
83,+,271,354,Worker2,JAVA
261,-,270,-9,Worker1,JAVA
102,+,26,128,Worker2,JAVA
201,*,71,14271,Worker1,JAVA
249,-,18,231,Worker2,JAVA
168,+,122,290,Worker2,JAVA
113,+,124,237,Worker1,JAVA
152,-,90,62,Worker2,JAVA
70,*,180,12600,Worker1,JAVA
177,+,68,245,Worker2,JAVA
227,-,114,113,Worker1,JAVA
240,+,168,408,Worker2,JAVA
111,-,14,97,Worker1,JAVA
223,+,195,418,Worker2,JAVA
26,-,264,-238,Worker1,JAVA
95,*,258,24510,Worker2,JAVA
273,-,203,70,Worker1,JAVA
293,+,221,514,Worker2,JAVA
270,+,153,423,Worker1,JAVA
108,+,205,313,Worker2,JAVA
262,*,230,60260,Worker2,JAVA
144,*,91,13104,Worker1,JAVA
179,*,224,40096,Worker2,JAVA
6,*,265,1590,Worker1,JAVA
208,+,72,280,Worker2,JAVA
253,-,162,91,Worker1,JAVA
199,-,139,60,Worker1,JAVA
95,+,92,187,Worker2,JAVA
77,*,115,8855,CalculatorWorkflow,JAVA
250,+,79,329,Worker2,JAVA
73,-,180,-107,Worker1,JAVA
50,+,281,331,Worker2,JAVA
247,-,18,229,Worker1,JAVA
255,+,230,485,Worker2,JAVA
297,*,1,297,Worker1,JAVA
287,+,274,561,Worker2,JAVA
240,+,249,489,Worker1,JAVA
202,+,278,480,Worker2,JAVA
246,+,203,449,Worker1,JAVA
66,*,105,6930,Worker2,JAVA
119,+,173,292,Worker1,JAVA
6,*,86,516,Worker2,JAVA
131,-,289,-158,Worker1,JAVA
19,+,110,129,Worker2,JAVA
283,*,177,50091,Worker1,JAVA
162,-,241,-79,Worker1,JAVA
61,+,69,130,Worker2,JAVA
223,*,120,26760,Worker1,JAVA
156,+,72,228,Worker2,JAVA
217,*,22,4774,Worker1,JAVA
295,*,89,26255,Worker2,JAVA
115,*,196,22540,Worker1,JAVA
44,*,173,7612,Worker2,JAVA
199,*,118,23482,Worker1,JAVA
256,+,218,474,Worker2,JAVA
267,*,167,44589,Worker1,JAVA
69,*,266,18354,Worker2,JAVA
182,+,233,415,Worker1,JAVA
138,+,121,259,Worker2,JAVA
79,*,297,23463,Worker1,JAVA
173,+,165,338,Worker2,JAVA
245,+,40,285,Worker1,JAVA
222,+,135,357,Worker2,JAVA
283,*,15,4245,Worker1,JAVA
291,+,166,457,Worker2,JAVA
268,+,69,337,Worker1,JAVA
142,+,167,309,Worker2,JAVA
183,*,280,51240,Worker1,JAVA
237,+,222,459,Worker2,JAVA
270,*,263,71010,Worker1,JAVA
198,+,69,267,Worker2,JAVA
95,-,224,-129,Worker1,JAVA
114,+,91,205,Worker1,JAVA
225,*,51,11475,Worker2,JAVA
298,*,150,44700,Worker1,JAVA
125,+,123,248,Worker2,JAVA
88,-,8,80,Worker1,JAVA
265,-,59,206,Worker2,JAVA
139,-,223,-84,Worker2,JAVA
233,-,65,168,Worker1,JAVA
67,-,285,-218,Worker1,JAVA
200,*,189,37800,Worker2,JAVA
245,-,105,140,Worker1,JAVA
35,-,135,-100,Worker2,JAVA
285,*,0,0,Worker1,JAVA
37,+,253,290,Worker2,JAVA
14,*,61,854,Worker1,JAVA
287,*,65,18655,Worker2,JAVA
92,+,13,105,Worker1,JAVA
9,+,228,237,Worker2,JAVA
172,-,74,98,Worker2,JAVA
182,*,286,52052,Worker1,JAVA
283,*,210,59430,Worker2,JAVA
155,-,26,129,Worker1,JAVA
295,-,6,289,Worker2,JAVA
35,-,183,-148,Worker1,JAVA
134,*,289,38726,Worker2,JAVA
55,+,212,267,Worker1,JAVA
281,+,70,351,Worker1,JAVA
214,*,219,46866,Worker2,JAVA
168,+,93,261,Worker2,JAVA
122,*,223,27206,Worker1,JAVA
152,+,60,212,Worker1,JAVA
275,*,189,51975,Worker2,JAVA
106,-,147,-41,Worker2,JAVA
106,+,79,185,Worker1,JAVA
20,+,196,216,Worker1,JAVA
262,+,47,309,Worker2,JAVA
298,+,18,316,Worker2,JAVA
91,+,280,371,Worker1,JAVA
46,-,86,-40,Worker2,JAVA
185,*,273,50505,Worker1,JAVA
102,*,248,25296,Worker2,JAVA
151,+,111,262,Worker1,JAVA
28,*,37,1036,Worker1,JAVA
214,+,249,463,Worker2,JAVA
203,+,204,407,Worker2,JAVA
247,-,14,233,Worker1,JAVA
276,-,281,-5,Worker1,JAVA
130,*,21,2730,Worker2,JAVA
232,-,295,-63,Worker2,JAVA
197,-,169,28,Worker1,JAVA
117,-,161,-44,Worker2,JAVA
182,+,143,325,Worker1,JAVA
173,-,1,172,Worker2,JAVA
215,+,82,297,Worker1,JAVA
184,-,187,-3,Worker2,JAVA
106,-,162,-56,Worker2,JAVA
24,+,20,44,Worker1,JAVA
143,-,300,-157,Worker2,JAVA
66,-,44,22,Worker2,JAVA
144,+,126,270,Worker1,JAVA
14,+,214,228,CalculatorWorkflow,JAVA
254,-,203,51,Worker1,JAVA
253,*,209,52877,Worker2,JAVA
26,*,135,3510,CalculatorWorkflow,JAVA
95,-,103,-8,CalculatorWorkflow,JAVA
40,-,239,-199,Worker2,JAVA
125,*,148,18500,Worker1,JAVA
67,*,39,2613,CalculatorWorkflow,JAVA
274,+,45,319,Worker1,JAVA
238,*,19,4522,Worker2,JAVA
127,+,139,266,CalculatorWorkflow,JAVA
278,-,181,97,Worker2,JAVA
89,*,24,2136,Worker1,JAVA
195,-,49,146,Worker2,JAVA
86,+,300,386,CalculatorWorkflow,JAVA
221,-,58,163,Worker1,JAVA
7,-,108,-101,CalculatorWorkflow,JAVA
236,+,164,400,Worker2,JAVA
63,+,94,157,Worker1,JAVA
146,-,246,-100,CalculatorWorkflow,JAVA
194,*,77,14938,Worker1,JAVA
56,*,6,336,Worker2,JAVA
150,-,66,84,CalculatorWorkflow,JAVA
132,*,28,3696,Worker1,JAVA
1,-,56,-55,Worker2,JAVA
147,*,68,9996,CalculatorWorkflow,JAVA
246,-,97,149,Worker1,JAVA
185,-,222,-37,Worker2,JAVA
84,-,186,-102,CalculatorWorkflow,JAVA
267,*,204,54468,Worker1,JAVA
213,*,47,10011,Worker2,JAVA
106,-,85,21,CalculatorWorkflow,JAVA
4,-,156,-152,Worker1,JAVA
250,*,256,64000,Worker2,JAVA
87,*,140,12180,CalculatorWorkflow,JAVA
204,+,206,410,Worker1,JAVA
235,+,33,268,Worker2,JAVA
208,+,270,478,CalculatorWorkflow,JAVA
171,+,114,285,Worker1,JAVA
74,+,108,182,Worker2,JAVA
144,*,195,28080,Worker1,JAVA
34,*,238,8092,CalculatorWorkflow,JAVA
24,+,158,182,Worker2,JAVA
256,*,242,61952,Worker1,JAVA
143,*,177,25311,CalculatorWorkflow,JAVA
253,+,184,437,Worker2,JAVA
31,*,133,4123,CalculatorWorkflow,JAVA
23,-,141,-118,Worker1,JAVA
46,+,191,237,Worker1,JAVA
120,+,223,343,Worker2,JAVA
282,-,43,239,CalculatorWorkflow,JAVA
203,+,194,397,Worker1,JAVA
34,*,188,6392,Worker2,JAVA
200,+,253,453,CalculatorWorkflow,JAVA
97,-,266,-169,Worker1,JAVA
19,-,120,-101,Worker2,JAVA
11,*,72,792,CalculatorWorkflow,JAVA
101,+,264,365,Worker1,JAVA
91,+,297,388,Worker2,JAVA
71,-,291,-220,CalculatorWorkflow,JAVA
12,-,77,-65,Worker1,JAVA
227,-,182,45,CalculatorWorkflow,JAVA
62,-,212,-150,Worker2,JAVA
154,-,21,133,Worker1,JAVA
58,+,297,355,CalculatorWorkflow,JAVA
197,-,14,183,Worker2,JAVA
74,-,224,-150,Worker1,JAVA
30,+,33,63,CalculatorWorkflow,JAVA
227,-,38,189,Worker2,JAVA
49,*,68,3332,Worker1,JAVA
165,-,216,-51,CalculatorWorkflow,JAVA
87,*,141,12267,Worker1,JAVA
97,*,33,3201,Worker2,JAVA
99,-,35,64,CalculatorWorkflow,JAVA
2,-,204,-202,Worker1,JAVA
260,-,128,132,Worker2,JAVA
182,-,300,-118,CalculatorWorkflow,JAVA
171,*,160,27360,Worker1,JAVA
94,+,18,112,CalculatorWorkflow,JAVA
94,+,143,237,Worker2,JAVA
183,-,9,174,Worker1,JAVA
176,*,277,48752,CalculatorWorkflow,JAVA
75,+,56,131,Worker1,JAVA
164,-,5,159,Worker2,JAVA
82,+,47,129,CalculatorWorkflow,JAVA
115,*,124,14260,Worker2,JAVA
257,*,135,34695,Worker1,JAVA
9,-,299,-290,CalculatorWorkflow,JAVA
135,+,167,302,Worker2,JAVA
88,*,110,9680,Worker1,JAVA
100,-,103,-3,CalculatorWorkflow,JAVA
96,+,7,103,Worker1,JAVA
215,-,264,-49,Worker2,JAVA
155,-,239,-84,CalculatorWorkflow,JAVA
300,+,194,494,Worker1,JAVA
1,+,225,226,Worker2,JAVA
108,*,45,4860,CalculatorWorkflow,JAVA
250,*,136,34000,Worker1,JAVA
276,+,200,476,Worker2,JAVA
249,+,169,418,CalculatorWorkflow,JAVA
250,-,47,203,Worker1,JAVA
55,-,229,-174,Worker2,JAVA
31,-,3,28,CalculatorWorkflow,JAVA
6,-,9,-3,Worker1,JAVA
228,+,207,435,Worker2,JAVA
278,-,194,84,CalculatorWorkflow,JAVA
237,+,112,349,Worker1,JAVA
278,*,165,45870,Worker2,JAVA
59,-,229,-170,CalculatorWorkflow,JAVA
159,-,97,62,Worker1,JAVA
108,*,140,15120,Worker2,JAVA
76,*,171,12996,CalculatorWorkflow,JAVA
64,-,140,-76,Worker1,JAVA
35,+,193,228,Worker2,JAVA
119,+,87,206,CalculatorWorkflow,JAVA
132,*,57,7524,Worker1,JAVA
213,*,276,58788,Worker2,JAVA
62,+,170,232,CalculatorWorkflow,JAVA
106,+,219,325,Worker1,JAVA
20,+,89,109,Worker2,JAVA
99,+,235,334,CalculatorWorkflow,JAVA
134,-,30,104,Worker2,JAVA
147,*,6,882,CalculatorWorkflow,JAVA
199,-,74,125,Worker1,JAVA
210,*,75,15750,Worker2,JAVA
137,-,181,-44,CalculatorWorkflow,JAVA
35,+,135,170,Worker1,JAVA
33,+,167,200,Worker2,JAVA
97,-,182,-85,CalculatorWorkflow,JAVA
129,*,297,38313,Worker1,JAVA
282,-,2,280,Worker2,JAVA
296,*,130,38480,CalculatorWorkflow,JAVA
122,-,166,-44,Worker2,JAVA
243,*,4,972,Worker1,JAVA
254,-,249,5,CalculatorWorkflow,JAVA
196,+,166,362,Worker1,JAVA
247,+,188,435,Worker2,JAVA
50,-,91,-41,CalculatorWorkflow,JAVA
245,*,30,7350,Worker1,JAVA
276,*,217,59892,Worker2,JAVA
69,*,171,11799,CalculatorWorkflow,JAVA
244,-,172,72,Worker1,JAVA
175,-,278,-103,Worker2,JAVA
56,-,160,-104,CalculatorWorkflow,JAVA
294,-,44,250,Worker1,JAVA
80,-,231,-151,Worker2,JAVA
66,*,180,11880,CalculatorWorkflow,JAVA
104,*,228,23712,Worker2,JAVA
84,*,240,20160,Worker1,JAVA
188,-,280,-92,CalculatorWorkflow,JAVA
139,+,147,286,Worker2,JAVA
147,+,165,312,CalculatorWorkflow,JAVA
132,*,76,10032,Worker2,JAVA
142,-,46,96,Worker1,JAVA
23,+,103,126,CalculatorWorkflow,JAVA
237,+,111,348,Worker2,JAVA
105,-,14,91,CalculatorWorkflow,JAVA
64,-,198,-134,Worker2,JAVA
39,*,241,9399,Worker1,JAVA
30,*,75,2250,CalculatorWorkflow,JAVA
235,+,158,393,CalculatorWorkflow,JAVA
254,+,284,538,Worker1,JAVA
104,-,42,62,Worker2,JAVA
186,*,61,11346,Worker1,JAVA
233,+,17,250,CalculatorWorkflow,JAVA
27,+,219,246,Worker2,JAVA
298,*,142,42316,CalculatorWorkflow,JAVA
214,+,99,313,Worker1,JAVA
253,-,183,70,Worker2,JAVA
217,+,43,260,CalculatorWorkflow,JAVA
288,+,93,381,Worker2,JAVA
199,-,182,17,CalculatorWorkflow,JAVA
43,+,132,175,Worker1,JAVA
73,*,206,15038,Worker2,JAVA
13,*,90,1170,CalculatorWorkflow,JAVA
127,+,281,408,Worker1,JAVA
24,-,252,-228,Worker2,JAVA
48,-,80,-32,CalculatorWorkflow,JAVA
154,-,226,-72,Worker1,JAVA
158,*,26,4108,Worker2,JAVA
23,*,54,1242,CalculatorWorkflow,JAVA
222,+,275,497,Worker2,JAVA
24,*,263,6312,Worker1,JAVA
48,+,59,107,CalculatorWorkflow,JAVA
112,-,265,-153,Worker1,JAVA
169,+,139,308,CalculatorWorkflow,JAVA
100,+,221,321,Worker2,JAVA
126,-,173,-47,Worker1,JAVA
188,*,247,46436,CalculatorWorkflow,JAVA
92,+,237,329,Worker1,JAVA
219,-,179,40,CalculatorWorkflow,JAVA
60,+,180,240,Worker2,JAVA
185,+,190,375,Worker1,JAVA
145,+,203,348,CalculatorWorkflow,JAVA
119,-,156,-37,Worker2,JAVA
155,+,160,315,Worker1,JAVA
288,-,152,136,CalculatorWorkflow,JAVA
182,*,4,728,Worker2,JAVA
172,*,28,4816,Worker1,JAVA
52,*,232,12064,CalculatorWorkflow,JAVA
18,-,226,-208,Worker1,JAVA
104,*,263,27352,Worker2,JAVA
5,*,192,960,CalculatorWorkflow,JAVA
19,+,28,47,Worker1,JAVA
278,*,298,82844,Worker2,JAVA
269,+,165,434,CalculatorWorkflow,JAVA
214,*,253,54142,Worker1,JAVA
253,-,89,164,Worker2,JAVA
66,+,284,350,CalculatorWorkflow,JAVA
219,-,267,-48,Worker1,JAVA
49,-,169,-120,Worker2,JAVA
186,*,92,17112,CalculatorWorkflow,JAVA
219,*,41,8979,CalculatorWorkflow,JAVA
159,-,211,-52,Worker2,JAVA
45,*,106,4770,CalculatorWorkflow,JAVA
241,+,29,270,Worker2,JAVA
260,*,154,40040,Worker1,JAVA
134,+,121,255,CalculatorWorkflow,JAVA
69,+,110,179,Worker1,JAVA
281,*,215,60415,Worker2,JAVA
177,-,92,85,CalculatorWorkflow,JAVA
112,+,232,344,Worker1,JAVA
116,*,126,14616,Worker2,JAVA
108,*,252,27216,CalculatorWorkflow,JAVA
164,-,191,-27,Worker2,JAVA
103,*,89,9167,Worker1,JAVA
67,+,254,321,CalculatorWorkflow,JAVA
286,*,24,6864,Worker1,JAVA
37,+,164,201,Worker2,JAVA
266,-,16,250,CalculatorWorkflow,JAVA
89,*,284,25276,Worker2,JAVA
64,*,224,14336,Worker1,JAVA
182,-,35,147,CalculatorWorkflow,JAVA
228,+,128,356,Worker1,JAVA
276,-,115,161,Worker2,JAVA
28,+,77,105,CalculatorWorkflow,JAVA
67,+,193,260,Worker1,JAVA
64,*,96,6144,Worker2,JAVA
149,+,116,265,CalculatorWorkflow,JAVA
199,+,191,390,Worker2,JAVA
67,+,76,143,Worker1,JAVA
58,-,262,-204,CalculatorWorkflow,JAVA
212,-,264,-52,Worker2,JAVA
22,-,108,-86,Worker1,JAVA
286,-,196,90,CalculatorWorkflow,JAVA
265,*,210,55650,Worker1,JAVA
42,-,218,-176,Worker2,JAVA
277,+,162,439,CalculatorWorkflow,JAVA
176,*,294,51744,Worker1,JAVA
293,+,216,509,Worker2,JAVA
227,-,216,11,CalculatorWorkflow,JAVA
