SEALABQualityGroup/performance-driven-software-model-refactoring-framework;16471040;248;2683;6
kemlg/aliveclipse;322031616;13774;8438;282
SEALABQualityGroup/performance-driven-software-model-refactoring-framework;16471040;248;-1;6
MDEGroup/QMM;9905152;3012;-1;53
park-sungmoo/rcp_training;4501504;1349;1258;53
opcoach/training;5436416;1351;1401;50
serhatGezgin/hibernate-dsl;749568;391;918;13
gssi/metamodel-dataset-analysis-toolchain;10414080;2451;-1;33
gssi/metamodel-dataset-analysis-toolchain;10414080;2451;-1;37
erroso/RAMA;11682816;1382;-1;34
erroso/RAMA;11682816;1382;-1;36
KuehneThomas/model-to-model-transformation-generator;104019968;1185;-1;28
KuehneThomas/model-to-model-transformation-generator;104019968;1185;-1;34
acm1997/proyectoModeladoSistemaSoftware;105472;79;693;1
pvgorp/TTC13-PN2SC-GrGen;13172736;107;1473;1
pvgorp/TTC13-PN2SC-GrGen;13172736;107;-1;1
alxbrd/org.eclipse.epsilon;98320384;22102;12527;488
alxbrd/org.eclipse.epsilon;98320384;22102;12527;460
alxbrd/org.eclipse.epsilon;98320384;22102;-1;488
alxbrd/org.eclipse.epsilon;98320384;22102;-1;473
alxbrd/org.eclipse.epsilon;98320384;22102;-1;659
alxbrd/org.eclipse.epsilon;98320384;22102;-1;473
manuelbrihuega/opencms-components-dsl;2871296;984;976;25
manuelbrihuega/opencms-components-dsl;2871296;984;976;30
aliriorivera/BPMNGraphicEditor;882688;882;1083;14
MohamadAli22/ALBA-framework;483328;217;787;14
MDEGroup/QMM;9905152;3012;-1;41
abdush/BPMN2StateChart;16986112;439;-1;6
abdush/BPMN2StateChart;16986112;439;-1;10
ambrusthomas/MeDeR.refactor.refactoring;1258496;1583;1098;34
ambrusthomas/MeDeR.refactor.refactoring;1258496;1583;1098;39
hellspawn14/WebPicture-Samples;999424;6701;-1;82
gssi/modelAnalyzer;5606400;2604;-1;35
gssi/modelAnalyzer;5606400;2604;-1;34
kansor/Univaq-Thesis-GM;83966976;867;4720;44
MDEGroup/QMM;9905152;3012;-1;42
gssi/metamodel-dataset-analysis-toolchain;10414080;2451;-1;36
gssi/metamodel-dataset-analysis-toolchain;10414080;2451;-1;33
JhanCarlosMC/DiagramaClasesMDE;24655872;806;955;19
danielcn/metagem;51526656;667;2459;18
danielcn/metagem;51526656;667;2459;12
den1den/metamodeling;369664;18;812;0
den1den/metamodeling;369664;18;812;1
hellspawn14/WebPicture-Samples;999424;6701;-1;99
microart/microART-Tool;112371712;949;3907;28
gssi/metamodel-dataset-analysis-toolchain;10414080;2451;-1;32
gssi/metamodel-dataset-analysis-toolchain;10414080;2451;-1;27
Fhma/Model-Generator;11997184;478;833;9
MDEGroup/QMM;9905152;3012;-1;46
KybeleResearch/metagem;60751872;667;-1;13
KybeleResearch/metagem;60751872;667;-1;16
adisandro/MMINT;346191872;7294;-1;236
adisandro/MMINT;346191872;7294;-1;253
Cemarquez/CRUD-Generator;53719040;3924;15273;106
Cemarquez/CRUD-Generator;53719040;3924;15273;105
adisandro/MMINT;346191872;7294;-1;227
adisandro/MMINT;346191872;7294;-1;227
BlackBeltTechnology/judo-generator;31140864;726;-1;21
merlin-pl/merlin;8704000;339;1102;13
merlin-pl/merlin;8704000;339;-1;14
adolfosbh/cs2as;114509824;3081;9093;83
wrwei/org.eclipse.epsilon.labs.smartsax.emc.emf;781312;205;821;3
burakuzn/ArchitectureModelDifferentiator;5120;18;-1;0
wrwei/org.eclipse.epsilon.labs.smartsax.emc.emf;781312;205;-1;3
dvj-shimbo/kragstein;3694592;806;960;15
epsilonlabs/incremental-evl;42258432;891;1078;35
MDEGroup/QMM;9905152;3012;-1;47
wrwei/org.eclipse.epsilon.labs.smartsax.emc.emf;781312;205;-1;3
gssi/metamodel-dataset-analysis-toolchain;10414080;2451;-1;34
gssi/metamodel-dataset-analysis-toolchain;10414080;2451;-1;34
gssi/metamodel-dataset-analysis-toolchain;10414080;2451;-1;35
gssi/metamodel-dataset-analysis-toolchain;10414080;2451;-1;34
gssi/modelAnalyzer;5606400;2604;-1;36
gssi/modelAnalyzer;5606400;2604;-1;42
erwindejager/ou;66450432;873;-1;23
erroso/EugeniaDVD;337920;398;798;10
erwindejager/ou;66450432;873;-1;23
gssi/modelAnalyzer;5606400;2604;-1;36
gssi/modelAnalyzer;5606400;2604;-1;32
wrwei/org.eclipse.epsilon.labs.smartsax.emc.emf;781312;205;-1;3
wrwei/org.eclipse.epsilon.labs.smartsax.emc.emf;781312;205;-1;4
wrwei/org.eclipse.epsilon.labs.smartsax.emc.emf;781312;205;-1;3
wrwei/org.eclipse.epsilon.labs.smartsax.emc.emf;781312;205;-1;4
wrwei/org.eclipse.epsilon.labs.smartsax.emc.emf;781312;205;-1;4
nasa/CertWare;813180928;8331;7748;214
nasa/CertWare;813180928;8331;7748;207
wrwei/org.eclipse.epsilon.labs.smartsax.emc.emf;781312;205;-1;4
wrwei/org.eclipse.epsilon.labs.smartsax.emc.emf;781312;205;-1;4
Frankablu/CATMOS;82038784;10728;5658;278
Frankablu/CATMOS;82038784;10728;5658;263
wrwei/org.eclipse.epsilon.labs.smartsax.emc.emf;781312;205;-1;3
wrwei/org.eclipse.epsilon.labs.smartsax.emc.emf;781312;205;-1;5
wrwei/Jorvik;11511808;1037;1743;20
wrwei/org.eclipse.epsilon.labs.smartsax.emc.emf;781312;205;-1;4
wrwei/org.eclipse.epsilon.labs.smartsax.emc.emf;781312;205;-1;3
wrwei/org.eclipse.epsilon.labs.smartsax.emc.emf;781312;205;-1;3
adisandro/MMINT;346191872;7294;-1;289
adisandro/MMINT;346191872;7294;-1;269
wrwei/org.eclipse.epsilon.labs.smartsax.emc.emf;781312;205;-1;2
wrwei/org.eclipse.epsilon.labs.smartsax.emc.emf;781312;205;-1;4
wrwei/org.eclipse.epsilon.labs.smartsax.emc.emf;781312;205;-1;4
luciofernandes/reercase;2846720;365;965;12
luciofernandes/reercase;2846720;365;965;7
wrwei/org.eclipse.epsilon.labs.smartsax.emc.emf;781312;205;-1;2
valencia921/metamodelo;2038784;1178;1273;33
quratulain-ali/org.eclipse.epsilon;189507584;9189;-1;326
quratulain-ali/org.eclipse.epsilon;189507584;9189;-1;429
wrwei/org.eclipse.epsilon.labs.smartsax.emc.emf;781312;205;-1;4
GloriaDG22/GeneracionCodigoCozmo;48816128;6705;-1;176
danielcn/metagem;51526656;667;-1;15
danielcn/metagem;51526656;667;-1;15
danielcn/metagem;51526656;667;-1;18
danielcn/metagem;51526656;667;-1;16
danielcn/metagem;51526656;667;-1;16
danielcn/metagem;51526656;667;-1;15
gssi/modelAnalyzer;5606400;2604;-1;39
gssi/modelAnalyzer;5606400;2604;-1;34
erwindejager/ou;66450432;873;-1;19
abrahamreq/sma.formularios;133120;120;2098;1
gssi/modelAnalyzer;5606400;2604;-1;35
gssi/modelAnalyzer;5606400;2604;-1;41
nasa/CertWare;813180928;8331;-1;209
nasa/CertWare;813180928;8331;-1;200
dvj-shimbo/kragstein;3694592;806;-1;14
moji1/MDebugger;24113152;874;2138;15
cadorca/mtcflow;63010816;715;983;15
cadorca/mtcflow;63010816;715;983;15
fehnomenal/epsilon;135073792;19944;-1;527
fehnomenal/epsilon;135073792;19944;-1;468
kolovos/models2020-picto-data;3349504;74;3478;2
SEALABQualityGroup/epsilon-antipattern-d-s;20297728;2488;-1;30
SEALABQualityGroup/epsilon-antipattern-d-s;20297728;2488;-1;36
moji1/EpsilonCLIForUMLRT;43252736;82;2769;5
eclipse/epsilon;157516800;9187;-1;354
eclipse/epsilon;157516800;9187;-1;359
BlackBeltTechnology/judo-generator;31140864;726;-1;18
gssi/QualityEvaluationIL;67584;55;721;1
Fhma/MT_EOL;44603392;7346;-1;126
Fhma/MT_EOL;44603392;7346;-1;111
nasa/CertWare;813180928;8331;-1;205
nasa/CertWare;813180928;8331;-1;210
Fhma/MT_EOL;44603392;7346;-1;99
edsonalves/dsql;576512;965;1390;14
DEIS-Project-EU/DDI-Scripting-Tools;39548928;3777;4964;60
edsonalves/dsql;576512;965;-1;18
quratulain-ali/org.eclipse.epsilon;189507584;9189;-1;304
quratulain-ali/org.eclipse.epsilon;189507584;9189;-1;298
edsonalves/dsql;576512;965;-1;16
edsonalves/dsql;576512;965;-1;13
adilinam/QVTdCaseStudy;42669056;14715;5112;374
ghostbit09/repoProyectosMDE;57441280;2380;7751;57
ghostbit09/repoProyectosMDE;57441280;2380;7751;54
wrwei/org.eclipse.epsilon.labs.smartsax.emc.emf;781312;205;-1;3
rohit19941994/MicroArt;56448000;949;3511;29
BlackBeltTechnology/judo-generator;31140864;726;-1;27
alxbrd/org.eclipse.epsilon;98320384;22102;-1;508
alxbrd/org.eclipse.epsilon;98320384;22102;-1;518
adilinam/QVTdCaseStudy;42669056;14715;-1;381
alxbrd/org.eclipse.epsilon;98320384;22102;-1;517
alxbrd/org.eclipse.epsilon;98320384;22102;-1;515
eclipse/epsilon;157516800;9187;-1;319
eclipse/epsilon;157516800;9187;-1;347
eclipse/epsilon;157516800;9187;-1;374
eclipse/epsilon;157516800;9187;-1;287
adisandro/MMINT;346191872;7294;-1;239
adisandro/MMINT;346191872;7294;-1;236
eclipse/epsilon;157516800;9187;-1;343
eclipse/epsilon;157516800;9187;-1;324
Antolin1/TCRMG-GNN;61435904;51563;8884;793
UoY-RoboStar/robochart2text-epsilon;73728;106;730;2
Frankablu/CATMOS;82038784;10728;-1;266
Frankablu/CATMOS;82038784;10728;-1;247
JMVARA/metagem;60788736;667;1153;17
JMVARA/metagem;60788736;667;1153;18
SEALABQualityGroup/padre-examaple;1317888;71;967;2
quratulain-ali/org.eclipse.epsilon;189507584;9189;-1;411
quratulain-ali/org.eclipse.epsilon;189507584;9189;-1;334
JMVARA/metagem;60788736;667;-1;12
JMVARA/metagem;60788736;667;-1;14
JMVARA/metagem;60788736;667;-1;13
JMVARA/metagem;60788736;667;-1;13
Fhma/MT_EOL;44603392;7346;-1;132
Fhma/MT_EOL;44603392;7346;-1;104
florezfernandez/iArchiMate;2714624;1116;959;26
florezfernandez/iArchiMate;2714624;1116;959;23
Fhma/MT_EOL;44603392;7346;-1;122
Fhma/MT_EOL;44603392;7346;-1;126
Fhma/MT_EOL;44603392;7346;-1;111
Fhma/MT_EOL;44603392;7346;-1;119
artist-project/ARTIST-MUT;53452800;2863;5468;81
Fhma/MT_EOL;44603392;7346;-1;127
Fhma/MT_EOL;44603392;7346;-1;111
Fhma/MT_EOL;44603392;7346;-1;108
Fhma/MT_EOL;44603392;7346;-1;108
Fhma/MT_EOL;44603392;7346;-1;114
DevBoost/OntoMoPP;32878592;1514;5704;37
Fhma/MT_EOL;44603392;7346;-1;139
adisandro/MMINT;346191872;7294;-1;234
adisandro/MMINT;346191872;7294;-1;268
varusblack/comida-rapida;40665088;227;3680;7
florezfernandez/iArchiMate;2714624;1116;-1;23
florezfernandez/iArchiMate;2714624;1116;-1;24
Frankablu/CATMOS;82038784;10728;-1;251
Frankablu/CATMOS;82038784;10728;-1;257
KybeleResearch/servicereasoning;2650112;4554;1658;97
KybeleResearch/servicereasoning;2650112;4554;1658;97
KybeleResearch/servicereasoning;2650112;4554;-1;119
KybeleResearch/servicereasoning;2650112;4554;-1;104
KybeleResearch/servicereasoning;2650112;4554;-1;92
KybeleResearch/servicereasoning;2650112;4554;-1;114
KybeleResearch/servicereasoning;2650112;4554;-1;90
KybeleResearch/servicereasoning;2650112;4554;-1;83
KybeleResearch/servicereasoning;2650112;4554;-1;90
KybeleResearch/servicereasoning;2650112;4554;-1;98
KybeleResearch/servicereasoning;2650112;4554;-1;91
KybeleResearch/servicereasoning;2650112;4554;-1;90
KybeleResearch/servicereasoning;2650112;4554;-1;105
KybeleResearch/servicereasoning;2650112;4554;-1;100
KybeleResearch/servicereasoning;2650112;4554;-1;92
KybeleResearch/servicereasoning;2650112;4554;-1;94
KybeleResearch/servicereasoning;2650112;4554;-1;84
KybeleResearch/servicereasoning;2650112;4554;-1;82
KybeleResearch/servicereasoning;2650112;4554;-1;96
KybeleResearch/servicereasoning;2650112;4554;-1;84
KybeleResearch/servicereasoning;2650112;4554;-1;86
KybeleResearch/servicereasoning;2650112;4554;-1;105
KybeleResearch/servicereasoning;2650112;4554;-1;88
KybeleResearch/servicereasoning;2650112;4554;-1;94
KybeleResearch/servicereasoning;2650112;4554;-1;95
KybeleResearch/servicereasoning;2650112;4554;-1;96
KybeleResearch/servicereasoning;2650112;4554;-1;89
KybeleResearch/servicereasoning;2650112;4554;-1;85
KybeleResearch/servicereasoning;2650112;4554;-1;99
KybeleResearch/servicereasoning;2650112;4554;-1;98
KybeleResearch/servicereasoning;2650112;4554;-1;92
KybeleResearch/servicereasoning;2650112;4554;-1;83
KybeleResearch/servicereasoning;2650112;4554;-1;88
KybeleResearch/servicereasoning;2650112;4554;-1;93
artist-project/ARTIST-MUT;53452800;2863;-1;85
artist-project/ARTIST;636179456;14210;30119;502
utwente-fmt/COMET;401441792;15268;24946;459
utwente-fmt/COMET;401441792;15268;24946;414
utwente-fmt/COMET;401441792;15268;-1;435
utwente-fmt/COMET;401441792;15268;-1;466
epsilonlabs/modelflow;6784000;1110;1256;38
epsilonlabs/modelflow;6784000;1110;1256;39
epsilonlabs/modelflow;6784000;1110;-1;38
epsilonlabs/modelflow;6784000;1110;-1;41
Cemarquez/SQL-Generator;51651584;4091;11902;158
yarp14/usecases;580608;545;910;13
yarp14/usecases;580608;545;910;12
adisandro/MMINT;346191872;7294;-1;289
adisandro/MMINT;346191872;7294;-1;231
florezfernandez/iArchiMate;2714624;1116;-1;27
florezfernandez/iArchiMate;2714624;1116;-1;25
florezfernandez/iArchiMate;2714624;1116;-1;28
florezfernandez/iArchiMate;2714624;1116;-1;32
kansor/Univaq-Thesis-GM;83966976;867;-1;38
artist-project/ARTIST;636179456;14210;-1;473
rslkvk/MDD;47247360;11339;4656;311
varusblack/comida-rapida;40665088;227;-1;7
dani8art/model-driven-microservices-generator;932864;126;-1;3
dani8art/model-driven-microservices-generator;932864;126;-1;4
dani8art/model-driven-microservices-generator;932864;126;-1;4
renatomsoares/us2star;3686400;106;1107;3
Fhma/MT_EOL;44603392;7346;-1;122
lucasvieira123/MDEProject;57344;85;652;3
lucasvieira123/MDEProject;57344;85;652;3
Fhma/MT_EOL;44603392;7346;-1;121
Fhma/MT_EOL;44603392;7346;-1;123
Fhma/MT_EOL;44603392;7346;-1;114
salser/TAIS;2597888;473;1159;23
Fhma/MT_EOL;44603392;7346;-1;113
Fhma/MT_EOL;44603392;7346;-1;143
pmpc94/master-thesis-emf;187392;249;782;6
Fhma/MT_EOL;44603392;7346;-1;139
alxbrd/org.eclipse.epsilon;98320384;22102;-1;537
alxbrd/org.eclipse.epsilon;98320384;22102;-1;527
Fhma/MT_EOL;44603392;7346;-1;116
florezfernandez/iArchiMate;2714624;1116;-1;28
florezfernandez/iArchiMate;2714624;1116;-1;26
Fhma/MT_EOL;44603392;7346;-1;122
florezfernandez/iArchiMate;2714624;1116;-1;30
florezfernandez/iArchiMate;2714624;1116;-1;30
Fhma/MT_EOL;44603392;7346;-1;120
Fhma/MT_EOL;44603392;7346;-1;118
Fhma/MT_EOL;44603392;7346;-1;118
Fhma/MT_EOL;44603392;7346;-1;126
GSEKM/Epsilon;135246848;5199;8379;171
GSEKM/Epsilon;135246848;5199;8379;155
Fhma/MT_EOL;44603392;7346;-1;130
habbmehdi/RecipeML;2277376;1188;974;41
Fhma/MT_EOL;44603392;7346;-1;132
renatomsoares/us2star;3686400;106;-1;5
Fhma/MT_EOL;44603392;7346;-1;119
Fhma/MT_EOL;44603392;7346;-1;134
cproinger/context-manager;829440;843;906;20
Fhma/MT_EOL;44603392;7346;-1;117
alxbrd/org.eclipse.epsilon;98320384;22102;-1;546
alxbrd/org.eclipse.epsilon;98320384;22102;-1;584
Fhma/MT_EOL;44603392;7346;-1;119
alfa-ryano/smlg;16782336;796;1723;16
Fhma/MT_EOL;44603392;7346;-1;122
Fhma/MT_EOL;44603392;7346;-1;116
Fhma/MT_EOL;44603392;7346;-1;117
Fhma/MT_EOL;44603392;7346;-1;125
Fhma/MT_EOL;44603392;7346;-1;117
Fhma/MT_EOL;44603392;7346;-1;128
Fhma/MT_EOL;44603392;7346;-1;120
Fhma/MT_EOL;44603392;7346;-1;136
Fhma/MT_EOL;44603392;7346;-1;120
Fhma/MT_EOL;44603392;7346;-1;103
Fhma/MT_EOL;44603392;7346;-1;107
Fhma/MT_EOL;44603392;7346;-1;107
Fhma/MT_EOL;44603392;7346;-1;103
Fhma/MT_EOL;44603392;7346;-1;112
Fhma/MT_EOL;44603392;7346;-1;113
Fhma/MT_EOL;44603392;7346;-1;111
thanhnguyenhuu66/2DGraphicalSyntaxProject;12288;11;610;1
epsilonlabs/haetae;16231424;1130;1959;37
clagms/TrNet;27329536;3222;-1;66
clagms/TrNet;27329536;3222;-1;63
agarciadom/simplified-bpmn-example;462848;443;793;9
agarciadom/simplified-bpmn-example;462848;443;793;11
nafisehka/UMLRTSynthesizer;31245312;2344;5196;61
nafisehka/UMLRTSynthesizer;31245312;2344;-1;58
SEALABQualityGroup/padre;189810688;1752;11683;31
clagms/TrNet;27329536;3222;-1;41
clagms/TrNet;27329536;3222;-1;43
wrwei/org.eclipse.epsilon.labs.smartsax.emc.emf;781312;205;-1;2
cadorca/mtcflow;63010816;715;-1;12
cadorca/mtcflow;63010816;715;-1;12
Hyacinth-Ali/epsilon-repo;135386112;19946;12878;479
Hyacinth-Ali/epsilon-repo;135386112;19946;12878;511
wrwei/SmartSAX;715776;15;802;1
moji1/MDebugger;24113152;874;-1;22
wrwei/org.eclipse.epsilon.labs.smartsax.emc.emf;781312;205;-1;3
SEALABQualityGroup/padre;189810688;1752;-1;50
SEALABQualityGroup/epsilon-antipattern-d-s;20297728;2488;-1;36
SEALABQualityGroup/epsilon-antipattern-d-s;20297728;2488;-1;34
Mastrognu/BramboProject;495616;103;743;2
danielcn/metagem;51526656;667;1807;12
danielcn/metagem;51526656;667;1807;11
UOY-Enterprise/parallel-crepe-locality;5681152;42;1082;1
githubbrunob/DSLTransGIT;197693440;2965;8561;39
danielcn/metagem;51526656;667;-1;10
danielcn/metagem;51526656;667;-1;11
danielcn/metagem;51526656;667;-1;11
danielcn/metagem;51526656;667;-1;12
paulofpimenta/b-reactive;3984384;1769;1136;31
gssi/deprecation-metamodeling;75301888;166;1120;8
paulofpimenta/b-reactive;3984384;1769;-1;31
epsilonlabs/emc-ptcim;3777536;106;856;4
githubbrunob/DSLTransGIT;197693440;2965;-1;40
githubbrunob/DSLTransGIT;197693440;2965;-1;46
UOY-Enterprise/parallel-crepe-locality;5681152;42;-1;1
NokiPls/ATLProva;548864;213;819;8
UOY-Enterprise/parallel-crepe-locality;5681152;42;-1;0
AML14/model-driven-mobile-apps-generator;239616;46;705;1
UOY-Enterprise/parallel-crepe-locality;5681152;42;-1;1
phy3rdh/DmilsMBAC;434374656;10417;18546;214
phy3rdh/DmilsMBAC;434374656;10417;18546;206
alfonsodelavega/epsilonFork;148508672;20134;7241;371
alfonsodelavega/epsilonFork;148508672;20134;7241;374
moji1/Modular_Model_Suite;52723712;1022;3619;21
erwindejager/ou;66450432;873;5272;15
pedrorleonardo/teseVisualino;448501760;17425;34844;578
pedrorleonardo/teseVisualino;448501760;17425;34844;453
gssi/deprecation-metamodeling;75301888;166;-1;4
pedrorleonardo/teseVisualino;448501760;17425;-1;438
pedrorleonardo/teseVisualino;448501760;17425;-1;447
SMadani/PhD;681397248;4323;55589;90
SMadani/PhD;681397248;4323;55589;102
lucasvieira123/MDEProject;57344;85;694;3
lucasvieira123/MDEProject;57344;85;694;4
crossminer/scava;1949597696;13656;53583;354
crossminer/scava;1949597696;13656;53583;378
Cristhian00/ui_ing_software;590848;797;967;20
SMadani/PhD;681397248;4323;-1;79
SMadani/PhD;681397248;4323;-1;129
damenac/puzzle;1008654336;37416;35653;768
erwindejager/ou;66450432;873;-1;14
damenac/puzzle;1008654336;37416;-1;756
erwindejager/ou;66450432;873;-1;15
erwindejager/ou;66450432;873;-1;16
erwindejager/ou;66450432;873;-1;17
nasa/CertWare;813180928;8331;7511;175
nasa/CertWare;813180928;8331;7511;205
moji1/Modular_Model_Suite;52723712;1022;-1;25
AML14/model-driven-mobile-apps-generator;239616;46;-1;1
crossminer/scava;1949597696;13656;-1;518
crossminer/scava;1949597696;13656;-1;426
mgt1g13/ERS-Diagram;498688;418;1037;13
SMadani/PhD;681397248;4323;-1;94
SMadani/PhD;681397248;4323;-1;93
dvj-shimbo/kragstein;3694592;806;997;12
crossminer/scava;1949597696;13656;-1;450
crossminer/scava;1949597696;13656;-1;406
dvj-shimbo/kragstein;3694592;806;-1;16
crossminer/scava;1949597696;13656;-1;439
crossminer/scava;1949597696;13656;-1;444
moamina/DAT;7473152;2980;3466;37
crossminer/scava;1949597696;13656;-1;375
crossminer/scava;1949597696;13656;-1;385
yapingl/AGSN;13187072;687;1230;13
yapingl/AGSN;13187072;687;1230;12
crossminer/scava;1949597696;13656;-1;399
crossminer/scava;1949597696;13656;-1;386
yapingl/AGSN;13187072;687;-1;15
yapingl/AGSN;13187072;687;-1;13
thalissonoliveira/fixturecfm;598016;662;955;20
thalissonoliveira/fixturecfm;598016;662;955;20
yapingl/AGSN;13187072;687;-1;20
yapingl/AGSN;13187072;687;-1;26
MajidGitHubRepos/MRegTest;35935232;2093;3393;39
webminz/corr-lang-emf;73728;54;753;2
SMadani/PhD;681397248;4323;-1;96
SMadani/PhD;681397248;4323;-1;101
JChen2010/liftedDSLTrans_experiment;21316608;2525;2067;56
MajidGitHubRepos/MRegTest;35935232;2093;-1;31
JChen2010/liftedDSLTrans_experiment;21316608;2525;-1;48
moji1/Modular_Model_Suite;52723712;1022;-1;28
MohamadAli22/ALBA-framework;483328;217;837;6
571540/DAT355_WeeklyTasks;54228992;2153;8149;86
571540/DAT355_WeeklyTasks;54228992;2153;-1;78
mdecommunity-uece/MDE-in-practice;2165760;770;1057;21
mdecommunity-uece/MDE-in-practice;2165760;770;1057;19
mdecommunity-uece/MDE-in-practice;2165760;770;-1;20
mdecommunity-uece/MDE-in-practice;2165760;770;-1;22
abrahamreq/sma.formularios;133120;120;709;1
abdush/BPMN2StateChart;16986112;439;2062;8
abdush/BPMN2StateChart;16986112;439;2062;15
abdush/BPMN2StateChart;16986112;439;-1;16
abdush/BPMN2StateChart;16986112;439;-1;15
MagMar94/ParmorelExperimentResults;29561856;7859;6745;267
MagMar94/ParmorelExperimentResults;29561856;7859;-1;253
MagMar94/ParmorelExperimentResults;29561856;7859;-1;265
MagMar94/ParmorelExperimentResults;29561856;7859;-1;289
MagMar94/ParmorelExperimentResults;29561856;7859;-1;261
MagMar94/ParmorelExperimentResults;29561856;7859;-1;254
MagMar94/ParmorelExperimentResults;29561856;7859;-1;253
MagMar94/ParmorelExperimentResults;29561856;7859;-1;262
MagMar94/ParmorelExperimentResults;29561856;7859;-1;281
MagMar94/ParmorelExperimentResults;29561856;7859;-1;292
erwindejager/ou;66450432;873;-1;20
MagMar94/ParmorelExperimentResults;29561856;7859;-1;279
erwindejager/ou;66450432;873;-1;22
MagMar94/ParmorelExperimentResults;29561856;7859;-1;268
merlin-pl/merlin;8704000;339;1452;16
MagMar94/ParmorelExperimentResults;29561856;7859;-1;314
MajidGitHubRepos/MRegTest;35935232;2093;-1;39
alfonsodelavega/flexmi-evaluation;6371328;833;1685;14
alfonsodelavega/flexmi-evaluation;6371328;833;1685;16
epsilonlabs/epsilonlabs;288752640;10542;43447;208
epsilonlabs/epsilonlabs;288752640;10542;43447;207
alfa-yohannis/ethical-pinset;157150208;9036;4795;277
alfa-yohannis/ethical-pinset;157150208;9036;4795;339
epsilonlabs/epsilonlabs;288752640;10542;-1;234
epsilonlabs/epsilonlabs;288752640;10542;-1;239
epsilonlabs/epsilonlabs;288752640;10542;-1;233
epsilonlabs/epsilonlabs;288752640;10542;-1;227
adilinam/QVTo-QVTd-OCL;49167360;21440;6649;544
epsilonlabs/epsilonlabs;288752640;10542;-1;240
epsilonlabs/epsilonlabs;288752640;10542;-1;239
epsilonlabs/epsilonlabs;288752640;10542;-1;232
epsilonlabs/epsilonlabs;288752640;10542;-1;227
epsilonlabs/epsilonlabs;288752640;10542;-1;222
epsilonlabs/epsilonlabs;288752640;10542;-1;228
epsilonlabs/incremental-evl;42258432;891;1028;26
adilinam/QVTo-QVTd-OCL;49167360;21440;-1;538
gssi/modelAnalyzer;5606400;2604;1623;34
gssi/modelAnalyzer;5606400;2604;1623;34
Sorour-j/Epsilon;134423552;19831;7720;510
Sorour-j/Epsilon;134423552;19831;7720;532
epsilonlabs/epsilonlabs;288752640;10542;-1;283
epsilonlabs/epsilonlabs;288752640;10542;-1;279
epsilonlabs/epsilonlabs;288752640;10542;-1;278
epsilonlabs/epsilonlabs;288752640;10542;-1;307
epsilonlabs/epsilonlabs;288752640;10542;-1;293
epsilonlabs/epsilonlabs;288752640;10542;-1;317
Sorour-j/Epsilon;134423552;19831;-1;513
Sorour-j/Epsilon;134423552;19831;-1;506
MajidGitHubRepos/MRegTest;35935232;2093;-1;43
AbdulAli/replication-kit-emse-2020-benchmark;163931136;25678;11621;395
alfonsodelavega/epsilonFork;148508672;20134;-1;499
alfonsodelavega/epsilonFork;148508672;20134;-1;445
rjimenezh/abdiel;196608;33;839;1
alfonsodelavega/epsilonFork;148508672;20134;-1;447
alfonsodelavega/epsilonFork;148508672;20134;-1;835
kb634/mondo-hawk;122880;2;626;0
epsilonlabs/epsilonlabs;288752640;10542;-1;434
epsilonlabs/epsilonlabs;288752640;10542;-1;272
epsilonlabs/epsilonlabs;288752640;10542;-1;290
epsilonlabs/epsilonlabs;288752640;10542;-1;258
alfonsodelavega/epsilonFork;148508672;20134;-1;427
alfonsodelavega/epsilonFork;148508672;20134;-1;527
York-and-Maastricht-Data-Science-Group/vaultage;34512896;163;1903;12
SEALABQualityGroup/epsilon-antipattern-d-s;20297728;2488;2991;27
gssi/modelAnalyzer;5606400;2604;-1;35
gssi/modelAnalyzer;5606400;2604;-1;32
epsilonlabs/epsilonlabs;288752640;10542;-1;229
epsilonlabs/epsilonlabs;288752640;10542;-1;225
adilinam/QVTdCaseStudy;42669056;14715;5878;365
epsilonlabs/epsilonlabs;288752640;10542;-1;264
epsilonlabs/epsilonlabs;288752640;10542;-1;259
Sorour-j/Epsilon;134423552;19831;-1;442
Sorour-j/Epsilon;134423552;19831;-1;624
KybeleResearch/servicereasoning;2650112;4554;1400;70
KybeleResearch/servicereasoning;2650112;4554;1400;72
SEALABQualityGroup/epsilon-antipattern-d-s;20297728;2488;-1;27
Fhma/MT_EOL;44603392;7346;15290;85
Fhma/MT_EOL;44603392;7346;-1;122
SEALABQualityGroup/epsilon-antipattern-d-s;20297728;2488;-1;37
epsilonlabs/epsilonlabs;288752640;10542;-1;239
epsilonlabs/epsilonlabs;288752640;10542;-1;240
cdmsantos/crystalcase;55352320;16963;4898;318
cdmsantos/crystalcase;55352320;16963;4898;437
lynnmie/acedit;6803456;1493;1437;22
lynnmie/acedit;6803456;1493;1437;21
epsilonlabs/epsilonlabs;288752640;10542;-1;221
epsilonlabs/epsilonlabs;288752640;10542;-1;243
damenac/puzzle;1008654336;37416;-1;1219
moji1/Modular_Model_Suite;52723712;1022;-1;36
damenac/puzzle;1008654336;37416;-1;1047
epsilonlabs/epsilonlabs;288752640;10542;-1;294
epsilonlabs/epsilonlabs;288752640;10542;-1;286
damenac/puzzle;1008654336;37416;-1;995
MajidGitHubRepos/MRegTest;35935232;2093;-1;35
alfonsodelavega/epsilonFork;148508672;20134;-1;436
alfonsodelavega/epsilonFork;148508672;20134;-1;492
alfonsodelavega/epsilonFork;148508672;20134;-1;764
alfonsodelavega/epsilonFork;148508672;20134;-1;705
alfonsodelavega/epsilonFork;148508672;20134;-1;567
alfonsodelavega/epsilonFork;148508672;20134;-1;563
tarcisiocouto/bvccon-tool;62464;87;719;2
tarcisiocouto/bvccon-tool;62464;87;719;1
alfonsodelavega/epsilonFork;148508672;20134;-1;547
alfonsodelavega/epsilonFork;148508672;20134;-1;567
epsilonlabs/epsilonlabs;288752640;10542;-1;283
epsilonlabs/epsilonlabs;288752640;10542;-1;278
alfonsodelavega/epsilonFork;148508672;20134;-1;522
alfonsodelavega/epsilonFork;148508672;20134;-1;543
epsilonlabs/epsilonlabs;288752640;10542;-1;278
epsilonlabs/epsilonlabs;288752640;10542;-1;278
epsilonlabs/epsilonlabs;288752640;10542;-1;269
epsilonlabs/epsilonlabs;288752640;10542;-1;274
levilucio/DSLTransLifting;18283520;1246;3776;24
SEALABQualityGroup/epsilon-antipattern-d-s;20297728;2488;-1;33
levilucio/DSLTransLifting;18283520;1246;-1;23
gssi/modelAnalyzer;5606400;2604;-1;29
gssi/modelAnalyzer;5606400;2604;-1;27
JoseJuan98/MDE_Template_Driven_Web_Site;1871872;1325;1046;17
epsilonlabs/epsilonlabs;288752640;10542;-1;264
epsilonlabs/epsilonlabs;288752640;10542;-1;229
willamys/msc.android.jacroid;12152832;1142;1435;18
willamys/msc.android.jacroid;12152832;1142;1435;18
epsilonlabs/epsilonlabs;288752640;10542;-1;211
epsilonlabs/epsilonlabs;288752640;10542;-1;227
aratare-jp/nolispe;42113024;8894;4042;273
aratare-jp/nolispe;42113024;8894;4042;359
Fhma/MT_EOL;44603392;7346;-1;118
alfa-ryano/gamified-modelling-server;27005952;651;2463;14
Fhma/MT_EOL;44603392;7346;-1;109
damenac/puzzle;1008654336;37416;-1;954
damenac/puzzle;1008654336;37416;-1;754
damenac/puzzle;1008654336;37416;-1;1001
tue-mdse/ocl-dataset;28507136;44872;11671;1672
tue-mdse/ocl-dataset;28507136;44872;-1;1723
tue-mdse/ocl-dataset;28507136;44872;-1;1473
MDEGroup/QMM;9905152;3012;2206;55
ModelEngineeringBooks/MDSEBook;2541568;998;1367;23
ModelEngineeringBooks/MDSEBook;2541568;998;-1;22
hellspawn14/WebPicture-Samples;999424;6701;1346;90
aratare-jp/nolispe;42113024;8894;-1;242
aratare-jp/nolispe;42113024;8894;-1;292
aratare-jp/nolispe;42113024;8894;-1;291
aratare-jp/nolispe;42113024;8894;-1;299
aratare-jp/nolispe;42113024;8894;-1;276
aratare-jp/nolispe;42113024;8894;-1;420
erroso/RAMA;11682816;1382;2028;27
erroso/RAMA;11682816;1382;2028;34
erroso/RAMA;11682816;1382;-1;33
erroso/RAMA;11682816;1382;-1;29
ModelWriter/Demonstrations;4100096;1306;6253;24
Ao99/resume-template-dsl;154624;72;1003;2
Ao99/resume-template-dsl;154624;72;1003;2
chelder86/ArcadeTongame;10298368;297;1289;8
luciofernandes/transformationserver;28921856;844;3349;20
ISorokos/acedit;6536192;1493;1177;31
ISorokos/acedit;6536192;1493;1177;27
quratulain-ali/org.eclipse.epsilon;189507584;9189;7184;322
quratulain-ali/org.eclipse.epsilon;189507584;9189;7184;338
Frankablu/CATMOS;82038784;10728;8931;252
Frankablu/CATMOS;82038784;10728;8931;263
Frankablu/CATMOS;82038784;10728;-1;240
Frankablu/CATMOS;82038784;10728;-1;241
Frankablu/CATMOS;82038784;10728;-1;274
Frankablu/CATMOS;82038784;10728;-1;262
alfa-ryano/smlg;16782336;796;1716;14
athepari/acedit;6536192;1493;1132;28
athepari/acedit;6536192;1493;1132;24
specialforces/acedit;6536192;1493;1614;25
specialforces/acedit;6536192;1493;1614;28
thmschy/acedit;6536192;1493;2656;28
thmschy/acedit;6536192;1493;2656;28
ghaemifard/CRUD_Models;910336;2603;1155;44
MDEGroup/QMM-COMLAN-data;10104832;3012;5042;44
tue-mdse/ocl-dataset;28507136;44872;-1;1950
tue-mdse/ocl-dataset;28507136;44872;-1;2105
tue-mdse/ocl-dataset;28507136;44872;-1;1905
tue-mdse/ocl-dataset;28507136;44872;-1;1945
tue-mdse/ocl-dataset;28507136;44872;-1;1832
Sorour-j/Epsilon;134423552;19831;-1;722
Sorour-j/Epsilon;134423552;19831;-1;494
Sorour-j/Epsilon;134423552;19831;-1;434
Sorour-j/Epsilon;134423552;19831;-1;417
Sorour-j/Epsilon;134423552;19831;-1;429
Sorour-j/Epsilon;134423552;19831;-1;425
ModelEngineeringBooks/MDSEBook;2541568;998;-1;23
eclipse/epsilon;157516800;9187;6155;299
eclipse/epsilon;157516800;9187;6155;313
Sorour-j/Epsilon;134423552;19831;-1;465
Sorour-j/Epsilon;134423552;19831;-1;453
gssi/metamodel-dataset-analysis-toolchain;10414080;2451;1985;34
gssi/metamodel-dataset-analysis-toolchain;10414080;2451;1985;30
jokingarcia/ContinuousEvolution;221184;140;742;3
jokingarcia/ContinuousEvolution;221184;140;-1;3
eclipse/epsilon;157516800;9187;-1;376
eclipse/epsilon;157516800;9187;-1;329
eclipse/epsilon;157516800;9187;-1;319
eclipse/epsilon;157516800;9187;-1;305
eclipse/epsilon;157516800;9187;-1;321
eclipse/epsilon;157516800;9187;-1;312
Hyacinth-Ali/epsilon-repo;135386112;19946;6431;437
Hyacinth-Ali/epsilon-repo;135386112;19946;6431;487
Hyacinth-Ali/epsilon-repo;135386112;19946;-1;608
Hyacinth-Ali/epsilon-repo;135386112;19946;-1;508
Hyacinth-Ali/epsilon-repo;135386112;19946;-1;476
Hyacinth-Ali/epsilon-repo;135386112;19946;-1;494
quratulain-ali/org.eclipse.epsilon;189507584;9189;-1;283
quratulain-ali/org.eclipse.epsilon;189507584;9189;-1;285
quratulain-ali/org.eclipse.epsilon;189507584;9189;-1;271
quratulain-ali/org.eclipse.epsilon;189507584;9189;-1;263
quratulain-ali/org.eclipse.epsilon;189507584;9189;-1;257
quratulain-ali/org.eclipse.epsilon;189507584;9189;-1;267
Hyacinth-Ali/epsilon-repo;135386112;19946;-1;423
Hyacinth-Ali/epsilon-repo;135386112;19946;-1;447
vdimitrieski/mist;35840;23;682;2
lucasvieira123/MDEProject;57344;85;-1;3
lucasvieira123/MDEProject;57344;85;-1;2
diegoalexaner/proyectoMDE;28122112;1896;3096;61
ISorokos/acedit;6536192;1493;-1;46
ISorokos/acedit;6536192;1493;-1;37
tue-mdse/ocl-dataset;28507136;44872;-1;1688
tue-mdse/ocl-dataset;28507136;44872;-1;1637
alfonsodelavega/flexmi-evaluation;6371328;833;-1;12
alfonsodelavega/flexmi-evaluation;6371328;833;-1;11
florezfernandez/iArchiMate;2714624;1116;2130;29
florezfernandez/iArchiMate;2714624;1116;2130;25
gssi/modelAnalyzer;5606400;2604;-1;31
gssi/modelAnalyzer;5606400;2604;-1;34
luciofernandes/transformationserver;28921856;844;-1;19
cdmsantos/crystalcase;55352320;16963;-1;328
cdmsantos/crystalcase;55352320;16963;-1;295
alfa-yohannis/ethical-pinset;157150208;9036;-1;276
alfa-yohannis/ethical-pinset;157150208;9036;-1;272
samuelmorenov/DMSS-POUEX;1534976;636;1817;10
alfa-yohannis/ethical-pinset;157150208;9036;-1;318
alfa-yohannis/ethical-pinset;157150208;9036;-1;288
alfa-yohannis/ethical-pinset;157150208;9036;-1;325
alfa-yohannis/ethical-pinset;157150208;9036;-1;283
epsilonlabs/epsilonlabs;288752640;10542;-1;248
epsilonlabs/epsilonlabs;288752640;10542;-1;242
epsilonlabs/epsilonlabs;288752640;10542;-1;269
epsilonlabs/epsilonlabs;288752640;10542;-1;262
SEALABQualityGroup/epsilon-antipattern-d-s;20297728;2488;-1;41
thmschy/acedit;6536192;1493;-1;28
thmschy/acedit;6536192;1493;-1;36
Fhma/MT_EOL;44603392;7346;-1;105
Fhma/MT_EOL;44603392;7346;-1;99
tue-mdse/ocl-dataset;28507136;44872;-1;1933
TransformationToolContest/ttc2018liveContest;397147136;2219;22967;45
tue-mdse/ocl-dataset;28507136;44872;-1;1803
Sorour-j/Epsilon;134423552;19831;-1;438
Sorour-j/Epsilon;134423552;19831;-1;448
tue-mdse/ocl-dataset;28507136;44872;-1;1958
gssi/modelAnalyzer;5606400;2604;-1;35
gssi/modelAnalyzer;5606400;2604;-1;38
tue-mdse/ocl-dataset;28507136;44872;-1;1708
tue-mdse/ocl-dataset;28507136;44872;-1;1467
tue-mdse/ocl-dataset;28507136;44872;-1;1886
tue-mdse/ocl-dataset;28507136;44872;-1;1894
Sorour-j/Epsilon;134423552;19831;-1;430
Sorour-j/Epsilon;134423552;19831;-1;472
tue-mdse/ocl-dataset;28507136;44872;-1;1745
tue-mdse/ocl-dataset;28507136;44872;-1;2039
tue-mdse/ocl-dataset;28507136;44872;-1;1675
tue-mdse/ocl-dataset;28507136;44872;-1;1670
Sorour-j/Epsilon;134423552;19831;-1;508
Sorour-j/Epsilon;134423552;19831;-1;534
tue-mdse/ocl-dataset;28507136;44872;-1;1729
Sorour-j/Epsilon;134423552;19831;-1;505
Sorour-j/Epsilon;134423552;19831;-1;616
tue-mdse/ocl-dataset;28507136;44872;-1;1963
tue-mdse/ocl-dataset;28507136;44872;-1;2016
tue-mdse/ocl-dataset;28507136;44872;-1;2363
tue-mdse/ocl-dataset;28507136;44872;-1;2262
tue-mdse/ocl-dataset;28507136;44872;-1;1744
tue-mdse/ocl-dataset;28507136;44872;-1;1765
tue-mdse/ocl-dataset;28507136;44872;-1;1951
tue-mdse/ocl-dataset;28507136;44872;-1;1959
tue-mdse/ocl-dataset;28507136;44872;-1;1823
tue-mdse/ocl-dataset;28507136;44872;-1;1839
tue-mdse/ocl-dataset;28507136;44872;-1;1971
tue-mdse/ocl-dataset;28507136;44872;-1;2074
tue-mdse/ocl-dataset;28507136;44872;-1;1904
tue-mdse/ocl-dataset;28507136;44872;-1;2384
tue-mdse/ocl-dataset;28507136;44872;-1;1753
MDEGroup/QMM-COMLAN-data;10104832;3012;-1;35
aratare-jp/nolispe;42113024;8894;-1;258
aratare-jp/nolispe;42113024;8894;-1;278
aratare-jp/nolispe;42113024;8894;-1;275
aratare-jp/nolispe;42113024;8894;-1;343
tue-mdse/ocl-dataset;28507136;44872;-1;1799
tue-mdse/ocl-dataset;28507136;44872;-1;1946
tue-mdse/ocl-dataset;28507136;44872;-1;1630
tue-mdse/ocl-dataset;28507136;44872;-1;1626
tue-mdse/ocl-dataset;28507136;44872;-1;1735
tue-mdse/ocl-dataset;28507136;44872;-1;1466
tue-mdse/ocl-dataset;28507136;44872;-1;1648
tue-mdse/ocl-dataset;28507136;44872;-1;1616
tue-mdse/ocl-dataset;28507136;44872;-1;1946
tue-mdse/ocl-dataset;28507136;44872;-1;1908
tue-mdse/ocl-dataset;28507136;44872;-1;2006
tue-mdse/ocl-dataset;28507136;44872;-1;1433
tue-mdse/ocl-dataset;28507136;44872;-1;1478
tue-mdse/ocl-dataset;28507136;44872;-1;1460
tue-mdse/ocl-dataset;28507136;44872;-1;1721
tue-mdse/ocl-dataset;28507136;44872;-1;2228
tue-mdse/ocl-dataset;28507136;44872;-1;1444
tue-mdse/ocl-dataset;28507136;44872;-1;1899
tue-mdse/ocl-dataset;28507136;44872;-1;1892
damenac/puzzle;1008654336;37416;-1;750
damenac/puzzle;1008654336;37416;-1;748
damenac/puzzle;1008654336;37416;-1;744
MDEGroup/QMM-COMLAN-data;10104832;3012;-1;50
MDEGroup/QMM-COMLAN-data;10104832;3012;-1;36
adisandro/MMINT;346191872;7294;4714;170
adisandro/MMINT;346191872;7294;4714;179
Hyacinth-Ali/epsilon-repo;135386112;19946;-1;376
Hyacinth-Ali/epsilon-repo;135386112;19946;-1;365
Hyacinth-Ali/epsilon-repo;135386112;19946;-1;379
Hyacinth-Ali/epsilon-repo;135386112;19946;-1;381
alfonsodelavega/epsilonFork;148508672;20134;-1;376
alfonsodelavega/epsilonFork;148508672;20134;-1;377
burakuzn/ArchitectureModelDifferentiator;5120;18;641;1
wrwei/org.eclipse.epsilon.labs.smartsax.emc.emf;781312;205;1035;4
tue-mdse/ocl-dataset;28507136;44872;-1;1541
wrwei/org.eclipse.epsilon.labs.smartsax.emc.emf;781312;205;-1;3
tue-mdse/ocl-dataset;28507136;44872;-1;1877
wrwei/org.eclipse.epsilon.labs.smartsax.emc.emf;781312;205;-1;2
UOY-Enterprise/mt2-tutorial;192512;26;748;1
tue-mdse/ocl-dataset;28507136;44872;-1;1438
wrwei/org.eclipse.epsilon.labs.smartsax.emc.emf;781312;205;-1;2
tue-mdse/ocl-dataset;28507136;44872;-1;1431
wrwei/org.eclipse.epsilon.labs.smartsax.emc.emf;781312;205;-1;3
GSEKM/Epsilon;135246848;5199;7119;117
GSEKM/Epsilon;135246848;5199;7119;121
gssi/metamodelsdataset-ECMFA2020;34816;53;698;1
KybeleResearch/metagem;60751872;667;2547;11
KybeleResearch/metagem;60751872;667;2547;10
KybeleResearch/metagem;60751872;667;-1;12
KybeleResearch/metagem;60751872;667;-1;11
wrwei/org.eclipse.epsilon.labs.smartsax.emc.emf;781312;205;-1;3
KybeleResearch/metagem;60751872;667;-1;12
KybeleResearch/metagem;60751872;667;-1;12
quratulain-ali/org.eclipse.epsilon;189507584;9189;-1;234
quratulain-ali/org.eclipse.epsilon;189507584;9189;-1;255
raduscrieciu/QuizGame;44777472;242;2795;4
wrwei/org.eclipse.epsilon.labs.smartsax.emc.emf;781312;205;-1;2
erroso/valuedriven;264192;306;766;6
quratulain-ali/org.eclipse.epsilon;189507584;9189;-1;247
quratulain-ali/org.eclipse.epsilon;189507584;9189;-1;236
MDEGroup/QMM-COMLAN-data;10104832;3012;-1;36
wrwei/org.eclipse.epsilon.labs.smartsax.emc.emf;781312;205;-1;2
fehnomenal/epsilon;135073792;19944;7988;378
fehnomenal/epsilon;135073792;19944;7988;376
moji1/MDebugger;24113152;874;4632;16
fehnomenal/epsilon;135073792;19944;-1;384
fehnomenal/epsilon;135073792;19944;-1;371
moji1/MDebugger;24113152;874;-1;15
damenac/puzzle;1008654336;37416;-1;800
wrwei/org.eclipse.epsilon.labs.smartsax.emc.emf;781312;205;-1;3
damenac/puzzle;1008654336;37416;-1;731
wrwei/org.eclipse.epsilon.labs.smartsax.emc.emf;781312;205;-1;2
damenac/puzzle;1008654336;37416;-1;747
wrwei/org.eclipse.epsilon.labs.smartsax.emc.emf;781312;205;-1;3
adisandro/MMINT;346191872;7294;-1;182
adisandro/MMINT;346191872;7294;-1;182
wrwei/org.eclipse.epsilon.labs.smartsax.emc.emf;781312;205;-1;3
oskar-van-rest/EntityTG;270336;60;669;1
wrwei/org.eclipse.epsilon.labs.smartsax.emc.emf;781312;205;-1;3
MDEGroup/QMM-COMLAN-data;10104832;3012;-1;32
wrwei/org.eclipse.epsilon.labs.smartsax.emc.emf;781312;205;-1;2
damenac/puzzle;1008654336;37416;-1;739
damenac/puzzle;1008654336;37416;-1;744
damenac/puzzle;1008654336;37416;-1;741
sofaw/thesis-code;3977216;184;947;7
sofaw/thesis-code;3977216;184;947;4
MSharbaf/EpsilonTransformationTechnicalDebt;31744;30;644;0
MSharbaf/EpsilonTransformationTechnicalDebt;31744;30;-1;1
virtualsatellite/VirtualSatellite4-TML;7163904;2149;1485;76
virtualsatellite/VirtualSatellite4-TML;7163904;2149;1485;81
ghostbit09/repoProyectosMDE;57441280;2380;4550;41
ghostbit09/repoProyectosMDE;57441280;2380;4550;39
tue-mdse/ocl-dataset;28507136;44872;-1;1465
tue-mdse/ocl-dataset;28507136;44872;-1;1438
adisandro/MMINT;346191872;7294;-1;185
adisandro/MMINT;346191872;7294;-1;173
tue-mdse/ocl-dataset;28507136;44872;-1;1439
tue-mdse/ocl-dataset;28507136;44872;-1;1531
damenac/puzzle;1008654336;37416;-1;749
damenac/puzzle;1008654336;37416;-1;739
damenac/puzzle;1008654336;37416;-1;755
damenac/puzzle;1008654336;37416;-1;741
damenac/puzzle;1008654336;37416;-1;745
damenac/puzzle;1008654336;37416;-1;733
MDEGroup/QMM;9905152;3012;-1;33
spbu-se/pldoctoolkit;134141952;5736;8701;81
gssi/metamodel-dataset-analysis-toolchain;10414080;2451;-1;24
gssi/metamodel-dataset-analysis-toolchain;10414080;2451;-1;27
tue-mdse/ocl-dataset;28507136;44872;-1;1428
tue-mdse/ocl-dataset;28507136;44872;-1;1436
tue-mdse/ocl-dataset;28507136;44872;-1;1422
tue-mdse/ocl-dataset;28507136;44872;-1;1426
tue-mdse/ocl-dataset;28507136;44872;-1;1428
MDEGroup/QMM;9905152;3012;-1;31
vnzstc/org.univaq.uml2lqn;26740736;18;736;1
SEALABQualityGroup/performance-driven-software-model-refactoring-framework;16471040;248;1835;8
fehnomenal/epsilon;135073792;19944;-1;388
fehnomenal/epsilon;135073792;19944;-1;376
moji1/MDebugger;24113152;874;-1;19
wrwei/org.eclipse.epsilon.labs.smartsax.emc.emf;781312;205;-1;2
kortef/Cloud-Resource-Modelling;137185280;1500;1341;34
SEALABQualityGroup/performance-driven-software-model-refactoring-framework;16471040;248;-1;4
epsilonlabs/modelflow;6784000;1110;1469;24
epsilonlabs/modelflow;6784000;1110;1469;26
moji1/MDebugger;24113152;874;-1;15
SEALABQualityGroup/padre-examaple;1317888;71;934;1
wrwei/org.eclipse.epsilon.labs.smartsax.emc.emf;781312;205;-1;3
moji1/MDebugger;24113152;874;-1;16
moji1/MDebugger;24113152;874;-1;14
moliz/moliz.xmof;65373184;1943;1905;41
SEALABQualityGroup/padre-examaple;1317888;71;-1;1
SEALABQualityGroup/performance-driven-software-model-refactoring-framework;16471040;248;-1;3
erwindejager/ou;66450432;873;-1;15
erwindejager/ou;66450432;873;-1;15
erwindejager/ou;66450432;873;-1;16
erwindejager/ou;66450432;873;-1;14
adisandro/MMINT;346191872;7294;-1;178
adisandro/MMINT;346191872;7294;-1;185
DEIS-Project-EU/DDI-Scripting-Tools;39548928;3777;4593;50
tue-mdse/ocl-dataset;28507136;44872;-1;1426
muralidn/TraceITS;11267072;334;1342;5
muralidn/TraceITS;11267072;334;1342;5
tue-mdse/ocl-dataset;28507136;44872;-1;1425
yarp14/cociat-graphEditor;2275328;2785;1083;32
yarp14/cociat-graphEditor;2275328;2785;1083;34
tue-mdse/ocl-dataset;28507136;44872;-1;1499
wrwei/org.eclipse.epsilon.labs.smartsax.emc.emf;781312;205;-1;3
tue-mdse/ocl-dataset;28507136;44872;-1;1436
BlackBeltTechnology/judo-generator;31140864;726;1250;15
tue-mdse/ocl-dataset;28507136;44872;-1;1464
BlackBeltTechnology/judo-generator;31140864;726;-1;17
tue-mdse/ocl-dataset;28507136;44872;-1;1442
adilinam/QVTdCaseStudy;42669056;14715;-1;302
tue-mdse/ocl-dataset;28507136;44872;-1;1452
wrwei/org.eclipse.epsilon.labs.smartsax.emc.emf;781312;205;-1;3
DevBoost/EMFText-Zoo;1734472704;7832;5632;227
eclipse/epsilon;157516800;9187;-1;236
eclipse/epsilon;157516800;9187;-1;237
DevBoost/EMFText-Zoo;1734472704;7832;-1;220
gssi/MetamodelDependenciesAnalyzer;775168;30;841;1
mvalle/model-generator;1339392;281;898;7
mvalle/model-generator;1339392;281;898;6
mvalle/model-generator;1339392;281;-1;5
mvalle/model-generator;1339392;281;-1;5
gssi/MetamodelDependenciesAnalyzer;775168;30;-1;1
JMVARA/metagem;60788736;667;1016;11
JMVARA/metagem;60788736;667;1016;12
SystemsAssuranceGroup/ACMECNL;1733632;228;882;6
Frankablu/CATMOS;82038784;10728;-1;209
Frankablu/CATMOS;82038784;10728;-1;213
Frankablu/CATMOS;82038784;10728;-1;200
Frankablu/CATMOS;82038784;10728;-1;197
MDEGroup/QMM-COMLAN-data;10104832;3012;-1;36
MDEGroup/QMM-COMLAN-data;10104832;3012;-1;35
tue-mdse/ocl-dataset;28507136;44872;-1;1478
tue-mdse/ocl-dataset;28507136;44872;-1;1840
tue-mdse/ocl-dataset;28507136;44872;-1;1533
tue-mdse/ocl-dataset;28507136;44872;-1;1527
tue-mdse/ocl-dataset;28507136;44872;-1;1533
tue-mdse/ocl-dataset;28507136;44872;-1;1430
tue-mdse/ocl-dataset;28507136;44872;-1;1446
tue-mdse/ocl-dataset;28507136;44872;-1;1446
tue-mdse/ocl-dataset;28507136;44872;-1;1538
tue-mdse/ocl-dataset;28507136;44872;-1;1485
tue-mdse/ocl-dataset;28507136;44872;-1;1450
tue-mdse/ocl-dataset;28507136;44872;-1;1499
MDEGroup/QMM;9905152;3012;-1;33
alfonsodelavega/flexmi-evaluation;6371328;833;-1;12
alfonsodelavega/flexmi-evaluation;6371328;833;-1;12
fehnomenal/epsilon;135073792;19944;-1;399
fehnomenal/epsilon;135073792;19944;-1;368
adisandro/MMINT;346191872;7294;-1;188
adisandro/MMINT;346191872;7294;-1;179
adisandro/MMINT;346191872;7294;-1;181
adisandro/MMINT;346191872;7294;-1;171
fehnomenal/epsilon;135073792;19944;-1;369
fehnomenal/epsilon;135073792;19944;-1;376
fehnomenal/epsilon;135073792;19944;-1;372
fehnomenal/epsilon;135073792;19944;-1;366
fehnomenal/epsilon;135073792;19944;-1;376
fehnomenal/epsilon;135073792;19944;-1;442
SEALABQualityGroup/padre-examaple;1317888;71;-1;2
BlackBeltTechnology/judo-generator;31140864;726;-1;20
jrwilliams/crepe;6401024;115;1143;2
quratulain-ali/org.eclipse.epsilon;189507584;9189;-1;259
quratulain-ali/org.eclipse.epsilon;189507584;9189;-1;262
BlackBeltTechnology/judo-generator;31140864;726;-1;19
megamart2/tool-padre;41491456;1552;2430;29
quratulain-ali/org.eclipse.epsilon;189507584;9189;-1;272
quratulain-ali/org.eclipse.epsilon;189507584;9189;-1;270
lowcomote/evl-viatra-prototype;2725888;157;1387;5
lowcomote/evl-viatra-prototype;2725888;157;-1;5
lowcomote/evl-viatra-prototype;2725888;157;-1;5
lowcomote/evl-viatra-prototype;2725888;157;-1;5
clagms/TrNet;27329536;3222;2891;44
clagms/TrNet;27329536;3222;2891;53
megamart2/tool-padre;41491456;1552;-1;33
vnzstc/org.univaq.uml2lqn;26740736;18;-1;1
SEALABQualityGroup/padre-examaple;1317888;71;-1;1
Ao99/resume-template-dsl;154624;72;-1;1
Ao99/resume-template-dsl;154624;72;-1;1
clagms/TrNet;27329536;3222;-1;43
clagms/TrNet;27329536;3222;-1;55
SEALABQualityGroup/padre;189810688;1752;5739;32
quratulain-ali/org.eclipse.epsilon;189507584;9189;-1;290
quratulain-ali/org.eclipse.epsilon;189507584;9189;-1;297
SEALABQualityGroup/performance-driven-software-model-refactoring-framework;16471040;248;-1;4
wrwei/Jorvik;11511808;1037;1806;18
SEALABQualityGroup/padre;189810688;1752;-1;37
UoY-RoboStar/robochart2text-epsilon;73728;106;777;1
erwindejager/ou;66450432;873;-1;18